Date,Branch,Region,Promotion,Holiday,Season,Weekday,Weekend,Sales
2024-01-01,Chennai,North,0,1,Winter,0,0,29402
2024-01-01,Madurai,South,0,1,Winter,0,0,23303
2024-01-01,Coimbatore,West,0,1,Winter,0,0,26871
2024-01-01,Trichy,Central,0,1,Winter,0,0,22533
2024-01-01,Salem,West,0,1,Winter,0,0,23028
2024-01-02,Chennai,North,0,0,Winter,1,0,24922
2024-01-02,Madurai,South,0,0,Winter,1,0,18695
2024-01-02,Coimbatore,West,0,0,Winter,1,0,23869
2024-01-02,Trichy,Central,0,0,Winter,1,0,18098
2024-01-02,Salem,West,0,0,Winter,1,0,19032
2024-01-03,Chennai,North,1,0,Winter,2,0,29202
2024-01-03,Madurai,South,1,0,Winter,2,0,22439
2024-01-03,Coimbatore,West,0,0,Winter,2,0,22453
2024-01-03,Trichy,Central,1,0,Winter,2,0,20693
2024-01-03,Salem,West,0,0,Winter,2,0,17436
2024-01-04,Chennai,North,0,0,Winter,3,0,26178
2024-01-04,Madurai,South,0,0,Winter,3,0,18179
2024-01-04,Coimbatore,West,1,0,Winter,3,0,25696
2024-01-04,Trichy,Central,0,0,Winter,3,0,17208
2024-01-04,Salem,West,0,0,Winter,3,0,16977
2024-01-05,Chennai,North,1,0,Winter,4,0,30496
2024-01-05,Madurai,South,0,0,Winter,4,0,19350
2024-01-05,Coimbatore,West,0,0,Winter,4,0,24061
2024-01-05,Trichy,Central,0,0,Winter,4,0,17281
2024-01-05,Salem,West,0,0,Winter,4,0,17084
2024-01-06,Chennai,North,0,0,Winter,5,1,26933
2024-01-06,Madurai,South,0,0,Winter,5,1,19326
2024-01-06,Coimbatore,West,0,0,Winter,5,1,23413
2024-01-06,Trichy,Central,1,0,Winter,5,1,21638
2024-01-06,Salem,West,1,0,Winter,5,1,22994
2024-01-07,Chennai,North,0,0,Winter,6,1,27516
2024-01-07,Madurai,South,0,0,Winter,6,1,19858
2024-01-07,Coimbatore,West,0,0,Winter,6,1,23292
2024-01-07,Trichy,Central,0,0,Winter,6,1,19187
2024-01-07,Salem,West,0,0,Winter,6,1,18669
2024-01-08,Chennai,North,1,0,Winter,0,0,29854
2024-01-08,Madurai,South,0,0,Winter,0,0,20081
2024-01-08,Coimbatore,West,0,0,Winter,0,0,23128
2024-01-08,Trichy,Central,0,0,Winter,0,0,16738
2024-01-08,Salem,West,0,0,Winter,0,0,18092
2024-01-09,Chennai,North,1,0,Winter,1,0,29396
2024-01-09,Madurai,South,0,0,Winter,1,0,18664
2024-01-09,Coimbatore,West,0,0,Winter,1,0,22670
2024-01-09,Trichy,Central,1,0,Winter,1,0,20920
2024-01-09,Salem,West,1,0,Winter,1,0,20885
2024-01-10,Chennai,North,0,0,Winter,2,0,25371
2024-01-10,Madurai,South,0,0,Winter,2,0,20099
2024-01-10,Coimbatore,West,0,0,Winter,2,0,24194
2024-01-10,Trichy,Central,1,0,Winter,2,0,21690
2024-01-10,Salem,West,1,0,Winter,2,0,21782
2024-01-11,Chennai,North,0,0,Winter,3,0,25366
2024-01-11,Madurai,South,1,0,Winter,3,0,21672
2024-01-11,Coimbatore,West,0,0,Winter,3,0,22249
2024-01-11,Trichy,Central,0,0,Winter,3,0,16455
2024-01-11,Salem,West,1,0,Winter,3,0,20560
2024-01-12,Chennai,North,1,0,Winter,4,0,29863
2024-01-12,Madurai,South,1,0,Winter,4,0,23467
2024-01-12,Coimbatore,West,0,0,Winter,4,0,24066
2024-01-12,Trichy,Central,0,0,Winter,4,0,16269
2024-01-12,Salem,West,0,0,Winter,4,0,18193
2024-01-13,Chennai,North,0,0,Winter,5,1,27202
2024-01-13,Madurai,South,1,0,Winter,5,1,23147
2024-01-13,Coimbatore,West,1,0,Winter,5,1,26513
2024-01-13,Trichy,Central,0,0,Winter,5,1,19050
2024-01-13,Salem,West,0,0,Winter,5,1,20079
2024-01-14,Chennai,North,0,0,Winter,6,1,27222
2024-01-14,Madurai,South,0,0,Winter,6,1,19626
2024-01-14,Coimbatore,West,0,0,Winter,6,1,23661
2024-01-14,Trichy,Central,0,0,Winter,6,1,18327
2024-01-14,Salem,West,1,0,Winter,6,1,21579
2024-01-15,Chennai,North,0,0,Winter,0,0,26286
2024-01-15,Madurai,South,0,0,Winter,0,0,18780
2024-01-15,Coimbatore,West,0,0,Winter,0,0,22786
2024-01-15,Trichy,Central,0,0,Winter,0,0,16150
2024-01-15,Salem,West,1,0,Winter,0,0,20583
2024-01-16,Chennai,North,0,0,Winter,1,0,25325
2024-01-16,Madurai,South,1,0,Winter,1,0,23551
2024-01-16,Coimbatore,West,0,0,Winter,1,0,22885
2024-01-16,Trichy,Central,1,0,Winter,1,0,20167
2024-01-16,Salem,West,0,0,Winter,1,0,18076
2024-01-17,Chennai,North,1,0,Winter,2,0,29829
2024-01-17,Madurai,South,1,0,Winter,2,0,23419
2024-01-17,Coimbatore,West,1,0,Winter,2,0,25795
2024-01-17,Trichy,Central,0,0,Winter,2,0,16720
2024-01-17,Salem,West,0,0,Winter,2,0,18184
2024-01-18,Chennai,North,0,0,Winter,3,0,27068
2024-01-18,Madurai,South,0,0,Winter,3,0,18702
2024-01-18,Coimbatore,West,0,0,Winter,3,0,22090
2024-01-18,Trichy,Central,0,0,Winter,3,0,16737
2024-01-18,Salem,West,0,0,Winter,3,0,16928
2024-01-19,Chennai,North,0,0,Winter,4,0,25090
2024-01-19,Madurai,South,0,0,Winter,4,0,18940
2024-01-19,Coimbatore,West,1,0,Winter,4,0,26177
2024-01-19,Trichy,Central,0,0,Winter,4,0,18138
2024-01-19,Salem,West,1,0,Winter,4,0,21295
2024-01-20,Chennai,North,1,0,Winter,5,1,31167
2024-01-20,Madurai,South,0,0,Winter,5,1,19386
2024-01-20,Coimbatore,West,0,0,Winter,5,1,24765
2024-01-20,Trichy,Central,0,0,Winter,5,1,18734
2024-01-20,Salem,West,1,0,Winter,5,1,23412
2024-01-21,Chennai,North,0,0,Winter,6,1,26403
2024-01-21,Madurai,South,0,0,Winter,6,1,20649
2024-01-21,Coimbatore,West,0,0,Winter,6,1,23447
2024-01-21,Trichy,Central,0,0,Winter,6,1,17784
2024-01-21,Salem,West,0,0,Winter,6,1,20196
2024-01-22,Chennai,North,1,0,Winter,0,0,28874
2024-01-22,Madurai,South,1,0,Winter,0,0,22051
2024-01-22,Coimbatore,West,0,0,Winter,0,0,23694
2024-01-22,Trichy,Central,0,0,Winter,0,0,16108
2024-01-22,Salem,West,1,0,Winter,0,0,22554
2024-01-23,Chennai,North,0,0,Winter,1,0,25007
2024-01-23,Madurai,South,0,0,Winter,1,0,18182
2024-01-23,Coimbatore,West,0,0,Winter,1,0,22481
2024-01-23,Trichy,Central,1,0,Winter,1,0,21289
2024-01-23,Salem,West,1,0,Winter,1,0,21175
2024-01-24,Chennai,North,1,0,Winter,2,0,28540
2024-01-24,Madurai,South,0,0,Winter,2,0,19352
2024-01-24,Coimbatore,West,0,0,Winter,2,0,23399
2024-01-24,Trichy,Central,0,0,Winter,2,0,17663
2024-01-24,Salem,West,0,0,Winter,2,0,18532
2024-01-25,Chennai,North,1,0,Winter,3,0,28934
2024-01-25,Madurai,South,0,0,Winter,3,0,19015
2024-01-25,Coimbatore,West,0,0,Winter,3,0,22039
2024-01-25,Trichy,Central,0,0,Winter,3,0,17084
2024-01-25,Salem,West,0,0,Winter,3,0,17005
2024-01-26,Chennai,North,1,1,Winter,4,0,34859
2024-01-26,Madurai,South,0,1,Winter,4,0,22532
2024-01-26,Coimbatore,West,0,1,Winter,4,0,27061
2024-01-26,Trichy,Central,0,1,Winter,4,0,20578
2024-01-26,Salem,West,0,1,Winter,4,0,22953
2024-01-27,Chennai,North,0,0,Winter,5,1,28333
2024-01-27,Madurai,South,0,0,Winter,5,1,21371
2024-01-27,Coimbatore,West,0,0,Winter,5,1,23335
2024-01-27,Trichy,Central,1,0,Winter,5,1,22890
2024-01-27,Salem,West,0,0,Winter,5,1,19068
2024-01-28,Chennai,North,0,0,Winter,6,1,27286
2024-01-28,Madurai,South,0,0,Winter,6,1,20087
2024-01-28,Coimbatore,West,1,0,Winter,6,1,27036
2024-01-28,Trichy,Central,0,0,Winter,6,1,18872
2024-01-28,Salem,West,0,0,Winter,6,1,18297
2024-01-29,Chennai,North,0,0,Winter,0,0,26677
2024-01-29,Madurai,South,0,0,Winter,0,0,18100
2024-01-29,Coimbatore,West,0,0,Winter,0,0,23872
2024-01-29,Trichy,Central,0,0,Winter,0,0,16342
2024-01-29,Salem,West,0,0,Winter,0,0,17081
2024-01-30,Chennai,North,0,0,Winter,1,0,26313
2024-01-30,Madurai,South,0,0,Winter,1,0,18446
2024-01-30,Coimbatore,West,1,0,Winter,1,0,27525
2024-01-30,Trichy,Central,0,0,Winter,1,0,17966
2024-01-30,Salem,West,0,0,Winter,1,0,19071
2024-01-31,Chennai,North,0,0,Winter,2,0,25224
2024-01-31,Madurai,South,0,0,Winter,2,0,18883
2024-01-31,Coimbatore,West,0,0,Winter,2,0,22238
2024-01-31,Trichy,Central,0,0,Winter,2,0,16915
2024-01-31,Salem,West,0,0,Winter,2,0,17662
2024-02-01,Chennai,North,0,0,Winter,3,0,25633
2024-02-01,Madurai,South,0,0,Winter,3,0,19870
2024-02-01,Coimbatore,West,1,0,Winter,3,0,26328
2024-02-01,Trichy,Central,0,0,Winter,3,0,16178
2024-02-01,Salem,West,1,0,Winter,3,0,21433
2024-02-02,Chennai,North,0,0,Winter,4,0,24814
2024-02-02,Madurai,South,0,0,Winter,4,0,18335
2024-02-02,Coimbatore,West,0,0,Winter,4,0,22461
2024-02-02,Trichy,Central,1,0,Winter,4,0,21559
2024-02-02,Salem,West,1,0,Winter,4,0,22597
2024-02-03,Chennai,North,0,0,Winter,5,1,26458
2024-02-03,Madurai,South,0,0,Winter,5,1,19610
2024-02-03,Coimbatore,West,0,0,Winter,5,1,24512
2024-02-03,Trichy,Central,0,0,Winter,5,1,18760
2024-02-03,Salem,West,0,0,Winter,5,1,18171
2024-02-04,Chennai,North,0,0,Winter,6,1,27493
2024-02-04,Madurai,South,0,0,Winter,6,1,20465
2024-02-04,Coimbatore,West,0,0,Winter,6,1,24022
2024-02-04,Trichy,Central,0,0,Winter,6,1,18448
2024-02-04,Salem,West,1,0,Winter,6,1,22133
2024-02-05,Chennai,North,0,0,Winter,0,0,25465
2024-02-05,Madurai,South,0,0,Winter,0,0,19488
2024-02-05,Coimbatore,West,0,0,Winter,0,0,22534
2024-02-05,Trichy,Central,0,0,Winter,0,0,17486
2024-02-05,Salem,West,0,0,Winter,0,0,17892
2024-02-06,Chennai,North,0,0,Winter,1,0,25242
2024-02-06,Madurai,South,1,0,Winter,1,0,21458
2024-02-06,Coimbatore,West,1,0,Winter,1,0,26211
2024-02-06,Trichy,Central,0,0,Winter,1,0,17685
2024-02-06,Salem,West,0,0,Winter,1,0,18050
2024-02-07,Chennai,North,0,0,Winter,2,0,25713
2024-02-07,Madurai,South,0,0,Winter,2,0,18591
2024-02-07,Coimbatore,West,1,0,Winter,2,0,26644
2024-02-07,Trichy,Central,0,0,Winter,2,0,16084
2024-02-07,Salem,West,0,0,Winter,2,0,18238
2024-02-08,Chennai,North,1,0,Winter,3,0,30496
2024-02-08,Madurai,South,0,0,Winter,3,0,17913
2024-02-08,Coimbatore,West,0,0,Winter,3,0,22869
2024-02-08,Trichy,Central,0,0,Winter,3,0,18178
2024-02-08,Salem,West,0,0,Winter,3,0,16956
2024-02-09,Chennai,North,0,0,Winter,4,0,26579
2024-02-09,Madurai,South,0,0,Winter,4,0,19084
2024-02-09,Coimbatore,West,1,0,Winter,4,0,27394
2024-02-09,Trichy,Central,0,0,Winter,4,0,17377
2024-02-09,Salem,West,0,0,Winter,4,0,17843
2024-02-10,Chennai,North,0,0,Winter,5,1,27786
2024-02-10,Madurai,South,0,0,Winter,5,1,21129
2024-02-10,Coimbatore,West,0,0,Winter,5,1,24491
2024-02-10,Trichy,Central,1,0,Winter,5,1,20786
2024-02-10,Salem,West,0,0,Winter,5,1,19285
2024-02-11,Chennai,North,0,0,Winter,6,1,27230
2024-02-11,Madurai,South,0,0,Winter,6,1,20672
2024-02-11,Coimbatore,West,0,0,Winter,6,1,24648
2024-02-11,Trichy,Central,0,0,Winter,6,1,19270
2024-02-11,Salem,West,0,0,Winter,6,1,18785
2024-02-12,Chennai,North,1,0,Winter,0,0,29852
2024-02-12,Madurai,South,0,0,Winter,0,0,20131
2024-02-12,Coimbatore,West,0,0,Winter,0,0,23463
2024-02-12,Trichy,Central,0,0,Winter,0,0,17044
2024-02-12,Salem,West,0,0,Winter,0,0,17660
2024-02-13,Chennai,North,1,0,Winter,1,0,30675
2024-02-13,Madurai,South,0,0,Winter,1,0,19704
2024-02-13,Coimbatore,West,1,0,Winter,1,0,27111
2024-02-13,Trichy,Central,0,0,Winter,1,0,17893
2024-02-13,Salem,West,1,0,Winter,1,0,20995
2024-02-14,Chennai,North,0,0,Winter,2,0,25962
2024-02-14,Madurai,South,0,0,Winter,2,0,18182
2024-02-14,Coimbatore,West,0,0,Winter,2,0,23071
2024-02-14,Trichy,Central,0,0,Winter,2,0,16615
2024-02-14,Salem,West,0,0,Winter,2,0,16900
2024-02-15,Chennai,North,0,0,Winter,3,0,25802
2024-02-15,Madurai,South,1,0,Winter,3,0,21598
2024-02-15,Coimbatore,West,1,0,Winter,3,0,26997
2024-02-15,Trichy,Central,0,0,Winter,3,0,17372
2024-02-15,Salem,West,1,0,Winter,3,0,21936
2024-02-16,Chennai,North,0,0,Winter,4,0,25404
2024-02-16,Madurai,South,0,0,Winter,4,0,18236
2024-02-16,Coimbatore,West,1,0,Winter,4,0,26196
2024-02-16,Trichy,Central,0,0,Winter,4,0,17921
2024-02-16,Salem,West,1,0,Winter,4,0,20505
2024-02-17,Chennai,North,0,0,Winter,5,1,26497
2024-02-17,Madurai,South,1,0,Winter,5,1,23046
2024-02-17,Coimbatore,West,1,0,Winter,5,1,28675
2024-02-17,Trichy,Central,0,0,Winter,5,1,18812
2024-02-17,Salem,West,1,0,Winter,5,1,23744
2024-02-18,Chennai,North,1,0,Winter,6,1,30151
2024-02-18,Madurai,South,1,0,Winter,6,1,24343
2024-02-18,Coimbatore,West,0,0,Winter,6,1,24012
2024-02-18,Trichy,Central,0,0,Winter,6,1,19135
2024-02-18,Salem,West,1,0,Winter,6,1,22479
2024-02-19,Chennai,North,0,0,Winter,0,0,26601
2024-02-19,Madurai,South,0,0,Winter,0,0,18970
2024-02-19,Coimbatore,West,0,0,Winter,0,0,22912
2024-02-19,Trichy,Central,0,0,Winter,0,0,17109
2024-02-19,Salem,West,0,0,Winter,0,0,17366
2024-02-20,Chennai,North,0,0,Winter,1,0,25747
2024-02-20,Madurai,South,1,0,Winter,1,0,21925
2024-02-20,Coimbatore,West,0,0,Winter,1,0,22063
2024-02-20,Trichy,Central,1,0,Winter,1,0,20969
2024-02-20,Salem,West,0,0,Winter,1,0,19022
2024-02-21,Chennai,North,1,0,Winter,2,0,30003
2024-02-21,Madurai,South,0,0,Winter,2,0,18647
2024-02-21,Coimbatore,West,1,0,Winter,2,0,26895
2024-02-21,Trichy,Central,0,0,Winter,2,0,18158
2024-02-21,Salem,West,1,0,Winter,2,0,22253
2024-02-22,Chennai,North,0,0,Winter,3,0,26240
2024-02-22,Madurai,South,0,0,Winter,3,0,19397
2024-02-22,Coimbatore,West,1,0,Winter,3,0,27504
2024-02-22,Trichy,Central,0,0,Winter,3,0,17799
2024-02-22,Salem,West,0,0,Winter,3,0,17917
2024-02-23,Chennai,North,1,0,Winter,4,0,30289
2024-02-23,Madurai,South,0,0,Winter,4,0,19392
2024-02-23,Coimbatore,West,0,0,Winter,4,0,23456
2024-02-23,Trichy,Central,0,0,Winter,4,0,17714
2024-02-23,Salem,West,0,0,Winter,4,0,18987
2024-02-24,Chennai,North,0,0,Winter,5,1,27613
2024-02-24,Madurai,South,0,0,Winter,5,1,19343
2024-02-24,Coimbatore,West,1,0,Winter,5,1,27055
2024-02-24,Trichy,Central,1,0,Winter,5,1,21244
2024-02-24,Salem,West,0,0,Winter,5,1,19065
2024-02-25,Chennai,North,1,0,Winter,6,1,30840
2024-02-25,Madurai,South,0,0,Winter,6,1,20862
2024-02-25,Coimbatore,West,0,0,Winter,6,1,24382
2024-02-25,Trichy,Central,1,0,Winter,6,1,21639
2024-02-25,Salem,West,1,0,Winter,6,1,22533
2024-02-26,Chennai,North,0,0,Winter,0,0,26726
2024-02-26,Madurai,South,0,0,Winter,0,0,20009
2024-02-26,Coimbatore,West,0,0,Winter,0,0,23233
2024-02-26,Trichy,Central,0,0,Winter,0,0,16081
2024-02-26,Salem,West,0,0,Winter,0,0,16927
2024-02-27,Chennai,North,0,0,Winter,1,0,25616
2024-02-27,Madurai,South,0,0,Winter,1,0,18424
2024-02-27,Coimbatore,West,0,0,Winter,1,0,22317
2024-02-27,Trichy,Central,1,0,Winter,1,0,19768
2024-02-27,Salem,West,0,0,Winter,1,0,18704
2024-02-28,Chennai,North,0,0,Winter,2,0,26310
2024-02-28,Madurai,South,0,0,Winter,2,0,18269
2024-02-28,Coimbatore,West,0,0,Winter,2,0,23074
2024-02-28,Trichy,Central,0,0,Winter,2,0,18170
2024-02-28,Salem,West,0,0,Winter,2,0,18077
2024-02-29,Chennai,North,1,0,Winter,3,0,29924
2024-02-29,Madurai,South,0,0,Winter,3,0,18111
2024-02-29,Coimbatore,West,0,0,Winter,3,0,22217
2024-02-29,Trichy,Central,0,0,Winter,3,0,16295
2024-02-29,Salem,West,0,0,Winter,3,0,18222
2024-03-01,Chennai,North,1,0,Summer,4,0,30717
2024-03-01,Madurai,South,0,0,Summer,4,0,20772
2024-03-01,Coimbatore,West,0,0,Summer,4,0,22751
2024-03-01,Trichy,Central,1,0,Summer,4,0,22207
2024-03-01,Salem,West,0,0,Summer,4,0,19475
2024-03-02,Chennai,North,0,0,Summer,5,1,28783
2024-03-02,Madurai,South,0,0,Summer,5,1,21683
2024-03-02,Coimbatore,West,0,0,Summer,5,1,26037
2024-03-02,Trichy,Central,0,0,Summer,5,1,20104
2024-03-02,Salem,West,1,0,Summer,5,1,24304
2024-03-03,Chennai,North,1,0,Summer,6,1,31499
2024-03-03,Madurai,South,0,0,Summer,6,1,20905
2024-03-03,Coimbatore,West,0,0,Summer,6,1,25042
2024-03-03,Trichy,Central,1,0,Summer,6,1,22398
2024-03-03,Salem,West,1,0,Summer,6,1,24734
2024-03-04,Chennai,North,1,0,Summer,0,0,30577
2024-03-04,Madurai,South,0,0,Summer,0,0,20724
2024-03-04,Coimbatore,West,0,0,Summer,0,0,23444
2024-03-04,Trichy,Central,1,0,Summer,0,0,21068
2024-03-04,Salem,West,0,0,Summer,0,0,18758
2024-03-05,Chennai,North,0,0,Summer,1,0,26845
2024-03-05,Madurai,South,0,0,Summer,1,0,20976
2024-03-05,Coimbatore,West,0,0,Summer,1,0,24816
2024-03-05,Trichy,Central,0,0,Summer,1,0,17050
2024-03-05,Salem,West,0,0,Summer,1,0,19364
2024-03-06,Chennai,North,1,0,Summer,2,0,31474
2024-03-06,Madurai,South,0,0,Summer,2,0,20650
2024-03-06,Coimbatore,West,1,0,Summer,2,0,28035
2024-03-06,Trichy,Central,0,0,Summer,2,0,17081
2024-03-06,Salem,West,0,0,Summer,2,0,18607
2024-03-07,Chennai,North,1,0,Summer,3,0,30196
2024-03-07,Madurai,South,0,0,Summer,3,0,21082
2024-03-07,Coimbatore,West,0,0,Summer,3,0,24638
2024-03-07,Trichy,Central,0,0,Summer,3,0,18442
2024-03-07,Salem,West,0,0,Summer,3,0,19141
2024-03-08,Chennai,North,1,0,Summer,4,0,30309
2024-03-08,Madurai,South,0,0,Summer,4,0,19729
2024-03-08,Coimbatore,West,0,0,Summer,4,0,23194
2024-03-08,Trichy,Central,0,0,Summer,4,0,17992
2024-03-08,Salem,West,0,0,Summer,4,0,19894
2024-03-09,Chennai,North,0,0,Summer,5,1,27684
2024-03-09,Madurai,South,0,0,Summer,5,1,21883
2024-03-09,Coimbatore,West,0,0,Summer,5,1,26048
2024-03-09,Trichy,Central,0,0,Summer,5,1,18311
2024-03-09,Salem,West,0,0,Summer,5,1,20113
2024-03-10,Chennai,North,0,0,Summer,6,1,28378
2024-03-10,Madurai,South,0,0,Summer,6,1,21138
2024-03-10,Coimbatore,West,0,0,Summer,6,1,26087
2024-03-10,Trichy,Central,0,0,Summer,6,1,19023
2024-03-10,Salem,West,0,0,Summer,6,1,19123
2024-03-11,Chennai,North,0,0,Summer,0,0,26217
2024-03-11,Madurai,South,1,0,Summer,0,0,22620
2024-03-11,Coimbatore,West,0,0,Summer,0,0,25051
2024-03-11,Trichy,Central,0,0,Summer,0,0,18622
2024-03-11,Salem,West,1,0,Summer,0,0,23004
2024-03-12,Chennai,North,0,0,Summer,1,0,26455
2024-03-12,Madurai,South,0,0,Summer,1,0,19734
2024-03-12,Coimbatore,West,1,0,Summer,1,0,26667
2024-03-12,Trichy,Central,0,0,Summer,1,0,18341
2024-03-12,Salem,West,1,0,Summer,1,0,21503
2024-03-13,Chennai,North,0,0,Summer,2,0,26321
2024-03-13,Madurai,South,0,0,Summer,2,0,21005
2024-03-13,Coimbatore,West,0,0,Summer,2,0,23048
2024-03-13,Trichy,Central,0,0,Summer,2,0,17185
2024-03-13,Salem,West,1,0,Summer,2,0,22124
2024-03-14,Chennai,North,1,0,Summer,3,0,31045
2024-03-14,Madurai,South,1,0,Summer,3,0,23417
2024-03-14,Coimbatore,West,1,0,Summer,3,0,27450
2024-03-14,Trichy,Central,0,0,Summer,3,0,17106
2024-03-14,Salem,West,0,0,Summer,3,0,18564
2024-03-15,Chennai,North,0,0,Summer,4,0,26032
2024-03-15,Madurai,South,0,0,Summer,4,0,19682
2024-03-15,Coimbatore,West,0,0,Summer,4,0,24960
2024-03-15,Trichy,Central,0,0,Summer,4,0,17341
2024-03-15,Salem,West,0,0,Summer,4,0,19373
2024-03-16,Chennai,North,1,0,Summer,5,1,32324
2024-03-16,Madurai,South,0,0,Summer,5,1,20033
2024-03-16,Coimbatore,West,0,0,Summer,5,1,25080
2024-03-16,Trichy,Central,0,0,Summer,5,1,19759
2024-03-16,Salem,West,0,0,Summer,5,1,19856
2024-03-17,Chennai,North,0,0,Summer,6,1,27710
2024-03-17,Madurai,South,1,0,Summer,6,1,23870
2024-03-17,Coimbatore,West,0,0,Summer,6,1,24510
2024-03-17,Trichy,Central,0,0,Summer,6,1,18482
2024-03-17,Salem,West,0,0,Summer,6,1,19144
2024-03-18,Chennai,North,0,0,Summer,0,0,26959
2024-03-18,Madurai,South,0,0,Summer,0,0,20498
2024-03-18,Coimbatore,West,0,0,Summer,0,0,24619
2024-03-18,Trichy,Central,0,0,Summer,0,0,18348
2024-03-18,Salem,West,0,0,Summer,0,0,19749
2024-03-19,Chennai,North,1,0,Summer,1,0,30993
2024-03-19,Madurai,South,0,0,Summer,1,0,18863
2024-03-19,Coimbatore,West,1,0,Summer,1,0,27520
2024-03-19,Trichy,Central,0,0,Summer,1,0,16805
2024-03-19,Salem,West,0,0,Summer,1,0,18637
2024-03-20,Chennai,North,0,0,Summer,2,0,26803
2024-03-20,Madurai,South,0,0,Summer,2,0,19417
2024-03-20,Coimbatore,West,1,0,Summer,2,0,28325
2024-03-20,Trichy,Central,1,0,Summer,2,0,21339
2024-03-20,Salem,West,0,0,Summer,2,0,20097
2024-03-21,Chennai,North,1,0,Summer,3,0,31214
2024-03-21,Madurai,South,0,0,Summer,3,0,20625
2024-03-21,Coimbatore,West,0,0,Summer,3,0,24372
2024-03-21,Trichy,Central,0,0,Summer,3,0,18015
2024-03-21,Salem,West,0,0,Summer,3,0,18358
2024-03-22,Chennai,North,0,0,Summer,4,0,27386
2024-03-22,Madurai,South,1,0,Summer,4,0,23380
2024-03-22,Coimbatore,West,1,0,Summer,4,0,28453
2024-03-22,Trichy,Central,0,0,Summer,4,0,18562
2024-03-22,Salem,West,0,0,Summer,4,0,18988
2024-03-23,Chennai,North,0,0,Summer,5,1,28224
2024-03-23,Madurai,South,0,0,Summer,5,1,21555
2024-03-23,Coimbatore,West,0,0,Summer,5,1,26122
2024-03-23,Trichy,Central,1,0,Summer,5,1,23092
2024-03-23,Salem,West,0,0,Summer,5,1,19668
2024-03-24,Chennai,North,0,0,Summer,6,1,28941
2024-03-24,Madurai,South,1,0,Summer,6,1,23611
2024-03-24,Coimbatore,West,0,0,Summer,6,1,24993
2024-03-24,Trichy,Central,0,0,Summer,6,1,19079
2024-03-24,Salem,West,1,0,Summer,6,1,24385
2024-03-25,Chennai,North,0,0,Summer,0,0,25818
2024-03-25,Madurai,South,0,0,Summer,0,0,19348
2024-03-25,Coimbatore,West,0,0,Summer,0,0,24956
2024-03-25,Trichy,Central,0,0,Summer,0,0,18962
2024-03-25,Salem,West,1,0,Summer,0,0,21581
2024-03-26,Chennai,North,0,0,Summer,1,0,26164
2024-03-26,Madurai,South,1,0,Summer,1,0,22681
2024-03-26,Coimbatore,West,0,0,Summer,1,0,24741
2024-03-26,Trichy,Central,0,0,Summer,1,0,18784
2024-03-26,Salem,West,0,0,Summer,1,0,19401
2024-03-27,Chennai,North,1,0,Summer,2,0,31134
2024-03-27,Madurai,South,0,0,Summer,2,0,20570
2024-03-27,Coimbatore,West,0,0,Summer,2,0,24271
2024-03-27,Trichy,Central,0,0,Summer,2,0,18781
2024-03-27,Salem,West,0,0,Summer,2,0,17985
2024-03-28,Chennai,North,0,0,Summer,3,0,27399
2024-03-28,Madurai,South,0,0,Summer,3,0,20779
2024-03-28,Coimbatore,West,0,0,Summer,3,0,22710
2024-03-28,Trichy,Central,0,0,Summer,3,0,17922
2024-03-28,Salem,West,1,0,Summer,3,0,21808
2024-03-29,Chennai,North,1,0,Summer,4,0,31406
2024-03-29,Madurai,South,1,0,Summer,4,0,23613
2024-03-29,Coimbatore,West,0,0,Summer,4,0,24960
2024-03-29,Trichy,Central,1,0,Summer,4,0,22065
2024-03-29,Salem,West,0,0,Summer,4,0,18472
2024-03-30,Chennai,North,0,0,Summer,5,1,29242
2024-03-30,Madurai,South,1,0,Summer,5,1,24356
2024-03-30,Coimbatore,West,1,0,Summer,5,1,27578
2024-03-30,Trichy,Central,0,0,Summer,5,1,19837
2024-03-30,Salem,West,1,0,Summer,5,1,23981
2024-03-31,Chennai,North,0,0,Summer,6,1,28928
2024-03-31,Madurai,South,0,0,Summer,6,1,20417
2024-03-31,Coimbatore,West,0,0,Summer,6,1,24311
2024-03-31,Trichy,Central,1,0,Summer,6,1,21808
2024-03-31,Salem,West,1,0,Summer,6,1,22462
2024-04-01,Chennai,North,0,0,Summer,0,0,27379
2024-04-01,Madurai,South,0,0,Summer,0,0,19006
2024-04-01,Coimbatore,West,1,0,Summer,0,0,27285
2024-04-01,Trichy,Central,0,0,Summer,0,0,18328
2024-04-01,Salem,West,0,0,Summer,0,0,19045
2024-04-02,Chennai,North,1,0,Summer,1,0,30497
2024-04-02,Madurai,South,1,0,Summer,1,0,24416
2024-04-02,Coimbatore,West,0,0,Summer,1,0,22980
2024-04-02,Trichy,Central,0,0,Summer,1,0,17877
2024-04-02,Salem,West,0,0,Summer,1,0,18070
2024-04-03,Chennai,North,1,0,Summer,2,0,29603
2024-04-03,Madurai,South,0,0,Summer,2,0,20517
2024-04-03,Coimbatore,West,0,0,Summer,2,0,23926
2024-04-03,Trichy,Central,0,0,Summer,2,0,16888
2024-04-03,Salem,West,0,0,Summer,2,0,17929
2024-04-04,Chennai,North,0,0,Summer,3,0,27168
2024-04-04,Madurai,South,0,0,Summer,3,0,20464
2024-04-04,Coimbatore,West,0,0,Summer,3,0,23700
2024-04-04,Trichy,Central,1,0,Summer,3,0,22518
2024-04-04,Salem,West,0,0,Summer,3,0,18396
2024-04-05,Chennai,North,0,0,Summer,4,0,26023
2024-04-05,Madurai,South,1,0,Summer,4,0,23186
2024-04-05,Coimbatore,West,1,0,Summer,4,0,28588
2024-04-05,Trichy,Central,0,0,Summer,4,0,17651
2024-04-05,Salem,West,1,0,Summer,4,0,22240
2024-04-06,Chennai,North,1,0,Summer,5,1,31445
2024-04-06,Madurai,South,0,0,Summer,5,1,21805
2024-04-06,Coimbatore,West,0,0,Summer,5,1,26138
2024-04-06,Trichy,Central,0,0,Summer,5,1,18202
2024-04-06,Salem,West,1,0,Summer,5,1,23815
2024-04-07,Chennai,North,0,0,Summer,6,1,28637
2024-04-07,Madurai,South,0,0,Summer,6,1,21771
2024-04-07,Coimbatore,West,0,0,Summer,6,1,24715
2024-04-07,Trichy,Central,1,0,Summer,6,1,23379
2024-04-07,Salem,West,0,0,Summer,6,1,19871
2024-04-08,Chennai,North,1,0,Summer,0,0,31542
2024-04-08,Madurai,South,0,0,Summer,0,0,21054
2024-04-08,Coimbatore,West,0,0,Summer,0,0,23909
2024-04-08,Trichy,Central,0,0,Summer,0,0,18321
2024-04-08,Salem,West,0,0,Summer,0,0,17733
2024-04-09,Chennai,North,0,0,Summer,1,0,27734
2024-04-09,Madurai,South,0,0,Summer,1,0,19642
2024-04-09,Coimbatore,West,0,0,Summer,1,0,23597
2024-04-09,Trichy,Central,0,0,Summer,1,0,17726
2024-04-09,Salem,West,0,0,Summer,1,0,18097
2024-04-10,Chennai,North,0,0,Summer,2,0,26965
2024-04-10,Madurai,South,1,0,Summer,2,0,22336
2024-04-10,Coimbatore,West,0,0,Summer,2,0,23238
2024-04-10,Trichy,Central,0,0,Summer,2,0,17908
2024-04-10,Salem,West,0,0,Summer,2,0,19401
2024-04-11,Chennai,North,0,0,Summer,3,0,26522
2024-04-11,Madurai,South,0,0,Summer,3,0,20909
2024-04-11,Coimbatore,West,0,0,Summer,3,0,24874
2024-04-11,Trichy,Central,0,0,Summer,3,0,17373
2024-04-11,Salem,West,0,0,Summer,3,0,19673
2024-04-12,Chennai,North,0,0,Summer,4,0,27087
2024-04-12,Madurai,South,0,0,Summer,4,0,20618
2024-04-12,Coimbatore,West,0,0,Summer,4,0,23276
2024-04-12,Trichy,Central,0,0,Summer,4,0,18327
2024-04-12,Salem,West,0,0,Summer,4,0,18069
2024-04-13,Chennai,North,1,0,Summer,5,1,30457
2024-04-13,Madurai,South,0,0,Summer,5,1,22097
2024-04-13,Coimbatore,West,0,0,Summer,5,1,25762
2024-04-13,Trichy,Central,0,0,Summer,5,1,18973
2024-04-13,Salem,West,1,0,Summer,5,1,23921
2024-04-14,Chennai,North,0,0,Summer,6,1,27857
2024-04-14,Madurai,South,1,0,Summer,6,1,23502
2024-04-14,Coimbatore,West,0,0,Summer,6,1,24806
2024-04-14,Trichy,Central,0,0,Summer,6,1,19801
2024-04-14,Salem,West,0,0,Summer,6,1,20572
2024-04-15,Chennai,North,0,0,Summer,0,0,26272
2024-04-15,Madurai,South,0,0,Summer,0,0,18852
2024-04-15,Coimbatore,West,0,0,Summer,0,0,24717
2024-04-15,Trichy,Central,0,0,Summer,0,0,17098
2024-04-15,Salem,West,0,0,Summer,0,0,19901
2024-04-16,Chennai,North,0,0,Summer,1,0,27291
2024-04-16,Madurai,South,1,0,Summer,1,0,23719
2024-04-16,Coimbatore,West,1,0,Summer,1,0,26832
2024-04-16,Trichy,Central,1,0,Summer,1,0,20605
2024-04-16,Salem,West,1,0,Summer,1,0,22871
2024-04-17,Chennai,North,0,0,Summer,2,0,25834
2024-04-17,Madurai,South,0,0,Summer,2,0,19589
2024-04-17,Coimbatore,West,1,0,Summer,2,0,28021
2024-04-17,Trichy,Central,0,0,Summer,2,0,18185
2024-04-17,Salem,West,0,0,Summer,2,0,19204
2024-04-18,Chennai,North,0,0,Summer,3,0,25948
2024-04-18,Madurai,South,1,0,Summer,3,0,23330
2024-04-18,Coimbatore,West,0,0,Summer,3,0,23200
2024-04-18,Trichy,Central,1,0,Summer,3,0,20575
2024-04-18,Salem,West,0,0,Summer,3,0,17787
2024-04-19,Chennai,North,0,0,Summer,4,0,27066
2024-04-19,Madurai,South,0,0,Summer,4,0,19215
2024-04-19,Coimbatore,West,0,0,Summer,4,0,22981
2024-04-19,Trichy,Central,0,0,Summer,4,0,17584
2024-04-19,Salem,West,0,0,Summer,4,0,19045
2024-04-20,Chennai,North,0,0,Summer,5,1,26911
2024-04-20,Madurai,South,0,0,Summer,5,1,20492
2024-04-20,Coimbatore,West,0,0,Summer,5,1,26112
2024-04-20,Trichy,Central,0,0,Summer,5,1,18614
2024-04-20,Salem,West,0,0,Summer,5,1,19005
2024-04-21,Chennai,North,0,0,Summer,6,1,26960
2024-04-21,Madurai,South,0,0,Summer,6,1,20874
2024-04-21,Coimbatore,West,0,0,Summer,6,1,23964
2024-04-21,Trichy,Central,0,0,Summer,6,1,18986
2024-04-21,Salem,West,0,0,Summer,6,1,19419
2024-04-22,Chennai,North,1,0,Summer,0,0,31354
2024-04-22,Madurai,South,0,0,Summer,0,0,18960
2024-04-22,Coimbatore,West,1,0,Summer,0,0,28036
2024-04-22,Trichy,Central,0,0,Summer,0,0,18802
2024-04-22,Salem,West,0,0,Summer,0,0,19551
2024-04-23,Chennai,North,0,0,Summer,1,0,25877
2024-04-23,Madurai,South,0,0,Summer,1,0,20576
2024-04-23,Coimbatore,West,0,0,Summer,1,0,22949
2024-04-23,Trichy,Central,1,0,Summer,1,0,21845
2024-04-23,Salem,West,1,0,Summer,1,0,21642
2024-04-24,Chennai,North,1,0,Summer,2,0,31016
2024-04-24,Madurai,South,0,0,Summer,2,0,19030
2024-04-24,Coimbatore,West,0,0,Summer,2,0,23307
2024-04-24,Trichy,Central,0,0,Summer,2,0,17216
2024-04-24,Salem,West,0,0,Summer,2,0,20097
2024-04-25,Chennai,North,0,0,Summer,3,0,27260
2024-04-25,Madurai,South,0,0,Summer,3,0,20558
2024-04-25,Coimbatore,West,1,0,Summer,3,0,26606
2024-04-25,Trichy,Central,0,0,Summer,3,0,18958
2024-04-25,Salem,West,0,0,Summer,3,0,19461
2024-04-26,Chennai,North,1,0,Summer,4,0,30135
2024-04-26,Madurai,South,1,0,Summer,4,0,23588
2024-04-26,Coimbatore,West,1,0,Summer,4,0,27833
2024-04-26,Trichy,Central,1,0,Summer,4,0,20589
2024-04-26,Salem,West,0,0,Summer,4,0,19448
2024-04-27,Chennai,North,0,0,Summer,5,1,27944
2024-04-27,Madurai,South,0,0,Summer,5,1,20525
2024-04-27,Coimbatore,West,1,0,Summer,5,1,27674
2024-04-27,Trichy,Central,0,0,Summer,5,1,18249
2024-04-27,Salem,West,0,0,Summer,5,1,20668
2024-04-28,Chennai,North,0,0,Summer,6,1,28426
2024-04-28,Madurai,South,0,0,Summer,6,1,22178
2024-04-28,Coimbatore,West,0,0,Summer,6,1,26200
2024-04-28,Trichy,Central,0,0,Summer,6,1,18400
2024-04-28,Salem,West,1,0,Summer,6,1,23848
2024-04-29,Chennai,North,1,0,Summer,0,0,29410
2024-04-29,Madurai,South,0,0,Summer,0,0,19979
2024-04-29,Coimbatore,West,0,0,Summer,0,0,23124
2024-04-29,Trichy,Central,0,0,Summer,0,0,17333
2024-04-29,Salem,West,1,0,Summer,0,0,22118
2024-04-30,Chennai,North,0,0,Summer,1,0,27134
2024-04-30,Madurai,South,0,0,Summer,1,0,19170
2024-04-30,Coimbatore,West,0,0,Summer,1,0,25051
2024-04-30,Trichy,Central,0,0,Summer,1,0,18457
2024-04-30,Salem,West,0,0,Summer,1,0,18795
2024-05-01,Chennai,North,0,0,Summer,2,0,26438
2024-05-01,Madurai,South,0,0,Summer,2,0,19965
2024-05-01,Coimbatore,West,0,0,Summer,2,0,24137
2024-05-01,Trichy,Central,0,0,Summer,2,0,17443
2024-05-01,Salem,West,0,0,Summer,2,0,20019
2024-05-02,Chennai,North,1,0,Summer,3,0,29485
2024-05-02,Madurai,South,0,0,Summer,3,0,18825
2024-05-02,Coimbatore,West,0,0,Summer,3,0,24872
2024-05-02,Trichy,Central,0,0,Summer,3,0,18240
2024-05-02,Salem,West,1,0,Summer,3,0,23058
2024-05-03,Chennai,North,0,0,Summer,4,0,26344
2024-05-03,Madurai,South,0,0,Summer,4,0,19976
2024-05-03,Coimbatore,West,0,0,Summer,4,0,25024
2024-05-03,Trichy,Central,0,0,Summer,4,0,16915
2024-05-03,Salem,West,0,0,Summer,4,0,18344
2024-05-04,Chennai,North,0,0,Summer,5,1,27234
2024-05-04,Madurai,South,0,0,Summer,5,1,21714
2024-05-04,Coimbatore,West,1,0,Summer,5,1,29389
2024-05-04,Trichy,Central,1,0,Summer,5,1,23096
2024-05-04,Salem,West,0,0,Summer,5,1,19782
2024-05-05,Chennai,North,0,0,Summer,6,1,28313
2024-05-05,Madurai,South,1,0,Summer,6,1,23854
2024-05-05,Coimbatore,West,0,0,Summer,6,1,25893
2024-05-05,Trichy,Central,0,0,Summer,6,1,18086
2024-05-05,Salem,West,0,0,Summer,6,1,20518
2024-05-06,Chennai,North,0,0,Summer,0,0,25731
2024-05-06,Madurai,South,0,0,Summer,0,0,19934
2024-05-06,Coimbatore,West,0,0,Summer,0,0,23262
2024-05-06,Trichy,Central,0,0,Summer,0,0,17885
2024-05-06,Salem,West,0,0,Summer,0,0,18191
2024-05-07,Chennai,North,0,0,Summer,1,0,27737
2024-05-07,Madurai,South,1,0,Summer,1,0,22919
2024-05-07,Coimbatore,West,0,0,Summer,1,0,24257
2024-05-07,Trichy,Central,0,0,Summer,1,0,18749
2024-05-07,Salem,West,0,0,Summer,1,0,17995
2024-05-08,Chennai,North,1,0,Summer,2,0,29373
2024-05-08,Madurai,South,1,0,Summer,2,0,22276
2024-05-08,Coimbatore,West,1,0,Summer,2,0,26518
2024-05-08,Trichy,Central,0,0,Summer,2,0,19058
2024-05-08,Salem,West,1,0,Summer,2,0,23548
2024-05-09,Chennai,North,1,0,Summer,3,0,30910
2024-05-09,Madurai,South,0,0,Summer,3,0,19171
2024-05-09,Coimbatore,West,1,0,Summer,3,0,26285
2024-05-09,Trichy,Central,0,0,Summer,3,0,17403
2024-05-09,Salem,West,1,0,Summer,3,0,22682
2024-05-10,Chennai,North,0,0,Summer,4,0,27488
2024-05-10,Madurai,South,0,0,Summer,4,0,19696
2024-05-10,Coimbatore,West,1,0,Summer,4,0,27840
2024-05-10,Trichy,Central,0,0,Summer,4,0,18321
2024-05-10,Salem,West,0,0,Summer,4,0,19090
2024-05-11,Chennai,North,0,0,Summer,5,1,28264
2024-05-11,Madurai,South,0,0,Summer,5,1,20212
2024-05-11,Coimbatore,West,0,0,Summer,5,1,26073
2024-05-11,Trichy,Central,0,0,Summer,5,1,19331
2024-05-11,Salem,West,0,0,Summer,5,1,19504
2024-05-12,Chennai,North,0,0,Summer,6,1,27321
2024-05-12,Madurai,South,0,0,Summer,6,1,20948
2024-05-12,Coimbatore,West,0,0,Summer,6,1,24610
2024-05-12,Trichy,Central,0,0,Summer,6,1,18208
2024-05-12,Salem,West,0,0,Summer,6,1,20923
2024-05-13,Chennai,North,1,0,Summer,0,0,31509
2024-05-13,Madurai,South,1,0,Summer,0,0,24512
2024-05-13,Coimbatore,West,0,0,Summer,0,0,23994
2024-05-13,Trichy,Central,0,0,Summer,0,0,18501
2024-05-13,Salem,West,0,0,Summer,0,0,19620
2024-05-14,Chennai,North,1,0,Summer,1,0,30440
2024-05-14,Madurai,South,0,0,Summer,1,0,18930
2024-05-14,Coimbatore,West,0,0,Summer,1,0,24778
2024-05-14,Trichy,Central,0,0,Summer,1,0,17971
2024-05-14,Salem,West,1,0,Summer,1,0,23051
2024-05-15,Chennai,North,0,0,Summer,2,0,25933
2024-05-15,Madurai,South,0,0,Summer,2,0,19875
2024-05-15,Coimbatore,West,0,0,Summer,2,0,23069
2024-05-15,Trichy,Central,1,0,Summer,2,0,22095
2024-05-15,Salem,West,0,0,Summer,2,0,19542
2024-05-16,Chennai,North,0,0,Summer,3,0,27016
2024-05-16,Madurai,South,1,0,Summer,3,0,24253
2024-05-16,Coimbatore,West,0,0,Summer,3,0,22953
2024-05-16,Trichy,Central,1,0,Summer,3,0,20623
2024-05-16,Salem,West,0,0,Summer,3,0,18045
2024-05-17,Chennai,North,0,0,Summer,4,0,25860
2024-05-17,Madurai,South,0,0,Summer,4,0,20493
2024-05-17,Coimbatore,West,1,0,Summer,4,0,28346
2024-05-17,Trichy,Central,0,0,Summer,4,0,18190
2024-05-17,Salem,West,0,0,Summer,4,0,18858
2024-05-18,Chennai,North,1,0,Summer,5,1,32074
2024-05-18,Madurai,South,0,0,Summer,5,1,20114
2024-05-18,Coimbatore,West,0,0,Summer,5,1,24169
2024-05-18,Trichy,Central,0,0,Summer,5,1,18287
2024-05-18,Salem,West,1,0,Summer,5,1,23563
2024-05-19,Chennai,North,0,0,Summer,6,1,27515
2024-05-19,Madurai,South,0,0,Summer,6,1,20233
2024-05-19,Coimbatore,West,0,0,Summer,6,1,25332
2024-05-19,Trichy,Central,0,0,Summer,6,1,19505
2024-05-19,Salem,West,0,0,Summer,6,1,19247
2024-05-20,Chennai,North,0,0,Summer,0,0,27989
2024-05-20,Madurai,South,1,0,Summer,0,0,23545
2024-05-20,Coimbatore,West,0,0,Summer,0,0,24856
2024-05-20,Trichy,Central,0,0,Summer,0,0,18434
2024-05-20,Salem,West,0,0,Summer,0,0,17774
2024-05-21,Chennai,North,0,0,Summer,1,0,26965
2024-05-21,Madurai,South,0,0,Summer,1,0,19577
2024-05-21,Coimbatore,West,0,0,Summer,1,0,24691
2024-05-21,Trichy,Central,0,0,Summer,1,0,17627
2024-05-21,Salem,West,0,0,Summer,1,0,18334
2024-05-22,Chennai,North,0,0,Summer,2,0,26911
2024-05-22,Madurai,South,0,0,Summer,2,0,20779
2024-05-22,Coimbatore,West,0,0,Summer,2,0,24079
2024-05-22,Trichy,Central,0,0,Summer,2,0,18243
2024-05-22,Salem,West,0,0,Summer,2,0,18364
2024-05-23,Chennai,North,0,0,Summer,3,0,26378
2024-05-23,Madurai,South,1,0,Summer,3,0,22378
2024-05-23,Coimbatore,West,1,0,Summer,3,0,27692
2024-05-23,Trichy,Central,0,0,Summer,3,0,18519
2024-05-23,Salem,West,0,0,Summer,3,0,19538
2024-05-24,Chennai,North,0,0,Summer,4,0,27887
2024-05-24,Madurai,South,0,0,Summer,4,0,19967
2024-05-24,Coimbatore,West,1,0,Summer,4,0,26994
2024-05-24,Trichy,Central,0,0,Summer,4,0,19036
2024-05-24,Salem,West,1,0,Summer,4,0,23091
2024-05-25,Chennai,North,0,0,Summer,5,1,28464
2024-05-25,Madurai,South,1,0,Summer,5,1,24063
2024-05-25,Coimbatore,West,0,0,Summer,5,1,24466
2024-05-25,Trichy,Central,0,0,Summer,5,1,18113
2024-05-25,Salem,West,1,0,Summer,5,1,23920
2024-05-26,Chennai,North,0,0,Summer,6,1,29013
2024-05-26,Madurai,South,0,0,Summer,6,1,21067
2024-05-26,Coimbatore,West,0,0,Summer,6,1,24556
2024-05-26,Trichy,Central,0,0,Summer,6,1,19740
2024-05-26,Salem,West,0,0,Summer,6,1,20691
2024-05-27,Chennai,North,0,0,Summer,0,0,26609
2024-05-27,Madurai,South,1,0,Summer,0,0,23631
2024-05-27,Coimbatore,West,0,0,Summer,0,0,24399
2024-05-27,Trichy,Central,0,0,Summer,0,0,18323
2024-05-27,Salem,West,0,0,Summer,0,0,18665
2024-05-28,Chennai,North,1,0,Summer,1,0,29534
2024-05-28,Madurai,South,0,0,Summer,1,0,19619
2024-05-28,Coimbatore,West,0,0,Summer,1,0,24005
2024-05-28,Trichy,Central,0,0,Summer,1,0,18073
2024-05-28,Salem,West,0,0,Summer,1,0,18263
2024-05-29,Chennai,North,0,0,Summer,2,0,26875
2024-05-29,Madurai,South,1,0,Summer,2,0,22768
2024-05-29,Coimbatore,West,1,0,Summer,2,0,28037
2024-05-29,Trichy,Central,0,0,Summer,2,0,17024
2024-05-29,Salem,West,0,0,Summer,2,0,18748
2024-05-30,Chennai,North,0,0,Summer,3,0,26312
2024-05-30,Madurai,South,1,0,Summer,3,0,22655
2024-05-30,Coimbatore,West,0,0,Summer,3,0,23673
2024-05-30,Trichy,Central,0,0,Summer,3,0,17199
2024-05-30,Salem,West,0,0,Summer,3,0,18676
2024-05-31,Chennai,North,1,0,Summer,4,0,31072
2024-05-31,Madurai,South,0,0,Summer,4,0,19154
2024-05-31,Coimbatore,West,1,0,Summer,4,0,28395
2024-05-31,Trichy,Central,0,0,Summer,4,0,18810
2024-05-31,Salem,West,0,0,Summer,4,0,18288
2024-06-01,Chennai,North,0,0,Monsoon,5,1,27058
2024-06-01,Madurai,South,0,0,Monsoon,5,1,19745
2024-06-01,Coimbatore,West,0,0,Monsoon,5,1,24637
2024-06-01,Trichy,Central,1,0,Monsoon,5,1,20567
2024-06-01,Salem,West,0,0,Monsoon,5,1,19444
2024-06-02,Chennai,North,0,0,Monsoon,6,1,25577
2024-06-02,Madurai,South,0,0,Monsoon,6,1,19899
2024-06-02,Coimbatore,West,1,0,Monsoon,6,1,25978
2024-06-02,Trichy,Central,1,0,Monsoon,6,1,21329
2024-06-02,Salem,West,0,0,Monsoon,6,1,17366
2024-06-03,Chennai,North,0,0,Monsoon,0,0,24376
2024-06-03,Madurai,South,0,0,Monsoon,0,0,18087
2024-06-03,Coimbatore,West,0,0,Monsoon,0,0,23483
2024-06-03,Trichy,Central,0,0,Monsoon,0,0,15646
2024-06-03,Salem,West,0,0,Monsoon,0,0,17543
2024-06-04,Chennai,North,0,0,Monsoon,1,0,24817
2024-06-04,Madurai,South,1,0,Monsoon,1,0,22560
2024-06-04,Coimbatore,West,0,0,Monsoon,1,0,21652
2024-06-04,Trichy,Central,0,0,Monsoon,1,0,16974
2024-06-04,Salem,West,0,0,Monsoon,1,0,17301
2024-06-05,Chennai,North,0,0,Monsoon,2,0,24279
2024-06-05,Madurai,South,0,0,Monsoon,2,0,17271
2024-06-05,Coimbatore,West,0,0,Monsoon,2,0,22370
2024-06-05,Trichy,Central,1,0,Monsoon,2,0,20824
2024-06-05,Salem,West,1,0,Monsoon,2,0,20637
2024-06-06,Chennai,North,0,0,Monsoon,3,0,24882
2024-06-06,Madurai,South,0,0,Monsoon,3,0,18562
2024-06-06,Coimbatore,West,0,0,Monsoon,3,0,22459
2024-06-06,Trichy,Central,0,0,Monsoon,3,0,15609
2024-06-06,Salem,West,0,0,Monsoon,3,0,17889
2024-06-07,Chennai,North,1,0,Monsoon,4,0,29401
2024-06-07,Madurai,South,1,0,Monsoon,4,0,21988
2024-06-07,Coimbatore,West,0,0,Monsoon,4,0,23132
2024-06-07,Trichy,Central,1,0,Monsoon,4,0,20104
2024-06-07,Salem,West,0,0,Monsoon,4,0,16438
2024-06-08,Chennai,North,1,0,Monsoon,5,1,29123
2024-06-08,Madurai,South,1,0,Monsoon,5,1,22539
2024-06-08,Coimbatore,West,0,0,Monsoon,5,1,23615
2024-06-08,Trichy,Central,0,0,Monsoon,5,1,16627
2024-06-08,Salem,West,0,0,Monsoon,5,1,18510
2024-06-09,Chennai,North,0,0,Monsoon,6,1,27126
2024-06-09,Madurai,South,1,0,Monsoon,6,1,22482
2024-06-09,Coimbatore,West,1,0,Monsoon,6,1,27239
2024-06-09,Trichy,Central,1,0,Monsoon,6,1,19973
2024-06-09,Salem,West,0,0,Monsoon,6,1,19081
2024-06-10,Chennai,North,0,0,Monsoon,0,0,24334
2024-06-10,Madurai,South,0,0,Monsoon,0,0,18763
2024-06-10,Coimbatore,West,0,0,Monsoon,0,0,23201
2024-06-10,Trichy,Central,0,0,Monsoon,0,0,15227
2024-06-10,Salem,West,0,0,Monsoon,0,0,17894
2024-06-11,Chennai,North,0,0,Monsoon,1,0,24617
2024-06-11,Madurai,South,0,0,Monsoon,1,0,18066
2024-06-11,Coimbatore,West,0,0,Monsoon,1,0,22583
2024-06-11,Trichy,Central,1,0,Monsoon,1,0,20923
2024-06-11,Salem,West,0,0,Monsoon,1,0,16728
2024-06-12,Chennai,North,1,0,Monsoon,2,0,29119
2024-06-12,Madurai,South,0,0,Monsoon,2,0,18918
2024-06-12,Coimbatore,West,0,0,Monsoon,2,0,23450
2024-06-12,Trichy,Central,0,0,Monsoon,2,0,17268
2024-06-12,Salem,West,0,0,Monsoon,2,0,17730
2024-06-13,Chennai,North,0,0,Monsoon,3,0,25241
2024-06-13,Madurai,South,0,0,Monsoon,3,0,17564
2024-06-13,Coimbatore,West,0,0,Monsoon,3,0,21862
2024-06-13,Trichy,Central,1,0,Monsoon,3,0,20720
2024-06-13,Salem,West,1,0,Monsoon,3,0,21900
2024-06-14,Chennai,North,0,0,Monsoon,4,0,25172
2024-06-14,Madurai,South,0,0,Monsoon,4,0,18927
2024-06-14,Coimbatore,West,0,0,Monsoon,4,0,22269
2024-06-14,Trichy,Central,1,0,Monsoon,4,0,19419
2024-06-14,Salem,West,0,0,Monsoon,4,0,16655
2024-06-15,Chennai,North,0,0,Monsoon,5,1,27151
2024-06-15,Madurai,South,0,0,Monsoon,5,1,20123
2024-06-15,Coimbatore,West,0,0,Monsoon,5,1,23609
2024-06-15,Trichy,Central,0,0,Monsoon,5,1,16565
2024-06-15,Salem,West,0,0,Monsoon,5,1,18528
2024-06-16,Chennai,North,0,0,Monsoon,6,1,26013
2024-06-16,Madurai,South,0,0,Monsoon,6,1,20383
2024-06-16,Coimbatore,West,0,0,Monsoon,6,1,22797
2024-06-16,Trichy,Central,0,0,Monsoon,6,1,16868
2024-06-16,Salem,West,0,0,Monsoon,6,1,19323
2024-06-17,Chennai,North,0,0,Monsoon,0,0,25578
2024-06-17,Madurai,South,0,0,Monsoon,0,0,19014
2024-06-17,Coimbatore,West,0,0,Monsoon,0,0,21453
2024-06-17,Trichy,Central,0,0,Monsoon,0,0,16366
2024-06-17,Salem,West,1,0,Monsoon,0,0,21560
2024-06-18,Chennai,North,1,0,Monsoon,1,0,29277
2024-06-18,Madurai,South,0,0,Monsoon,1,0,17613
2024-06-18,Coimbatore,West,0,0,Monsoon,1,0,21403
2024-06-18,Trichy,Central,1,0,Monsoon,1,0,20508
2024-06-18,Salem,West,0,0,Monsoon,1,0,16625
2024-06-19,Chennai,North,0,0,Monsoon,2,0,24628
2024-06-19,Madurai,South,1,0,Monsoon,2,0,22659
2024-06-19,Coimbatore,West,0,0,Monsoon,2,0,21608
2024-06-19,Trichy,Central,0,0,Monsoon,2,0,16345
2024-06-19,Salem,West,0,0,Monsoon,2,0,16763
2024-06-20,Chennai,North,0,0,Monsoon,3,0,25023
2024-06-20,Madurai,South,0,0,Monsoon,3,0,19225
2024-06-20,Coimbatore,West,0,0,Monsoon,3,0,21423
2024-06-20,Trichy,Central,0,0,Monsoon,3,0,15904
2024-06-20,Salem,West,0,0,Monsoon,3,0,16612
2024-06-21,Chennai,North,0,0,Monsoon,4,0,26285
2024-06-21,Madurai,South,0,0,Monsoon,4,0,19158
2024-06-21,Coimbatore,West,0,0,Monsoon,4,0,23478
2024-06-21,Trichy,Central,0,0,Monsoon,4,0,15801
2024-06-21,Salem,West,0,0,Monsoon,4,0,18408
2024-06-22,Chennai,North,0,0,Monsoon,5,1,25416
2024-06-22,Madurai,South,0,0,Monsoon,5,1,18486
2024-06-22,Coimbatore,West,0,0,Monsoon,5,1,23163
2024-06-22,Trichy,Central,1,0,Monsoon,5,1,19924
2024-06-22,Salem,West,1,0,Monsoon,5,1,23034
2024-06-23,Chennai,North,0,0,Monsoon,6,1,26537
2024-06-23,Madurai,South,1,0,Monsoon,6,1,22803
2024-06-23,Coimbatore,West,1,0,Monsoon,6,1,27018
2024-06-23,Trichy,Central,1,0,Monsoon,6,1,20098
2024-06-23,Salem,West,0,0,Monsoon,6,1,17947
2024-06-24,Chennai,North,1,0,Monsoon,0,0,29302
2024-06-24,Madurai,South,1,0,Monsoon,0,0,22502
2024-06-24,Coimbatore,West,0,0,Monsoon,0,0,22493
2024-06-24,Trichy,Central,0,0,Monsoon,0,0,16380
2024-06-24,Salem,West,0,0,Monsoon,0,0,17514
2024-06-25,Chennai,North,1,0,Monsoon,1,0,28135
2024-06-25,Madurai,South,0,0,Monsoon,1,0,19209
2024-06-25,Coimbatore,West,0,0,Monsoon,1,0,22407
2024-06-25,Trichy,Central,0,0,Monsoon,1,0,17010
2024-06-25,Salem,West,0,0,Monsoon,1,0,17195
2024-06-26,Chennai,North,1,0,Monsoon,2,0,28615
2024-06-26,Madurai,South,0,0,Monsoon,2,0,17496
2024-06-26,Coimbatore,West,0,0,Monsoon,2,0,22288
2024-06-26,Trichy,Central,1,0,Monsoon,2,0,20312
2024-06-26,Salem,West,0,0,Monsoon,2,0,16754
2024-06-27,Chennai,North,0,0,Monsoon,3,0,26466
2024-06-27,Madurai,South,0,0,Monsoon,3,0,17877
2024-06-27,Coimbatore,West,0,0,Monsoon,3,0,23140
2024-06-27,Trichy,Central,1,0,Monsoon,3,0,20642
2024-06-27,Salem,West,0,0,Monsoon,3,0,18137
2024-06-28,Chennai,North,0,0,Monsoon,4,0,24468
2024-06-28,Madurai,South,1,0,Monsoon,4,0,22670
2024-06-28,Coimbatore,West,1,0,Monsoon,4,0,25586
2024-06-28,Trichy,Central,0,0,Monsoon,4,0,17489
2024-06-28,Salem,West,0,0,Monsoon,4,0,16299
2024-06-29,Chennai,North,0,0,Monsoon,5,1,26452
2024-06-29,Madurai,South,1,0,Monsoon,5,1,23727
2024-06-29,Coimbatore,West,0,0,Monsoon,5,1,24498
2024-06-29,Trichy,Central,0,0,Monsoon,5,1,16740
2024-06-29,Salem,West,1,0,Monsoon,5,1,21348
2024-06-30,Chennai,North,0,0,Monsoon,6,1,26798
2024-06-30,Madurai,South,1,0,Monsoon,6,1,23298
2024-06-30,Coimbatore,West,0,0,Monsoon,6,1,23940
2024-06-30,Trichy,Central,0,0,Monsoon,6,1,18635
2024-06-30,Salem,West,0,0,Monsoon,6,1,18784
2024-07-01,Chennai,North,0,0,Monsoon,0,0,24401
2024-07-01,Madurai,South,1,0,Monsoon,0,0,22665
2024-07-01,Coimbatore,West,1,0,Monsoon,0,0,26852
2024-07-01,Trichy,Central,0,0,Monsoon,0,0,15586
2024-07-01,Salem,West,0,0,Monsoon,0,0,16496
2024-07-02,Chennai,North,1,0,Monsoon,1,0,29128
2024-07-02,Madurai,South,0,0,Monsoon,1,0,19384
2024-07-02,Coimbatore,West,0,0,Monsoon,1,0,21690
2024-07-02,Trichy,Central,0,0,Monsoon,1,0,17185
2024-07-02,Salem,West,1,0,Monsoon,1,0,21648
2024-07-03,Chennai,North,0,0,Monsoon,2,0,24285
2024-07-03,Madurai,South,0,0,Monsoon,2,0,17661
2024-07-03,Coimbatore,West,0,0,Monsoon,2,0,23040
2024-07-03,Trichy,Central,1,0,Monsoon,2,0,19210
2024-07-03,Salem,West,0,0,Monsoon,2,0,17443
2024-07-04,Chennai,North,0,0,Monsoon,3,0,24765
2024-07-04,Madurai,South,1,0,Monsoon,3,0,21825
2024-07-04,Coimbatore,West,0,0,Monsoon,3,0,23177
2024-07-04,Trichy,Central,1,0,Monsoon,3,0,20905
2024-07-04,Salem,West,0,0,Monsoon,3,0,18045
2024-07-05,Chennai,North,0,0,Monsoon,4,0,25608
2024-07-05,Madurai,South,0,0,Monsoon,4,0,17548
2024-07-05,Coimbatore,West,1,0,Monsoon,4,0,26990
2024-07-05,Trichy,Central,0,0,Monsoon,4,0,15209
2024-07-05,Salem,West,1,0,Monsoon,4,0,20687
2024-07-06,Chennai,North,0,0,Monsoon,5,1,25510
2024-07-06,Madurai,South,1,0,Monsoon,5,1,22498
2024-07-06,Coimbatore,West,1,0,Monsoon,5,1,26405
2024-07-06,Trichy,Central,0,0,Monsoon,5,1,16429
2024-07-06,Salem,West,0,0,Monsoon,5,1,18081
2024-07-07,Chennai,North,0,0,Monsoon,6,1,27106
2024-07-07,Madurai,South,0,0,Monsoon,6,1,20015
2024-07-07,Coimbatore,West,0,0,Monsoon,6,1,23991
2024-07-07,Trichy,Central,0,0,Monsoon,6,1,17980
2024-07-07,Salem,West,1,0,Monsoon,6,1,21055
2024-07-08,Chennai,North,0,0,Monsoon,0,0,26224
2024-07-08,Madurai,South,0,0,Monsoon,0,0,19397
2024-07-08,Coimbatore,West,0,0,Monsoon,0,0,23059
2024-07-08,Trichy,Central,1,0,Monsoon,0,0,19885
2024-07-08,Salem,West,0,0,Monsoon,0,0,17982
2024-07-09,Chennai,North,0,0,Monsoon,1,0,26337
2024-07-09,Madurai,South,0,0,Monsoon,1,0,18182
2024-07-09,Coimbatore,West,1,0,Monsoon,1,0,25387
2024-07-09,Trichy,Central,0,0,Monsoon,1,0,16242
2024-07-09,Salem,West,0,0,Monsoon,1,0,17021
2024-07-10,Chennai,North,0,0,Monsoon,2,0,25283
2024-07-10,Madurai,South,0,0,Monsoon,2,0,19102
2024-07-10,Coimbatore,West,0,0,Monsoon,2,0,23065
2024-07-10,Trichy,Central,0,0,Monsoon,2,0,17395
2024-07-10,Salem,West,0,0,Monsoon,2,0,17278
2024-07-11,Chennai,North,0,0,Monsoon,3,0,26448
2024-07-11,Madurai,South,1,0,Monsoon,3,0,22216
2024-07-11,Coimbatore,West,0,0,Monsoon,3,0,21699
2024-07-11,Trichy,Central,0,0,Monsoon,3,0,15272
2024-07-11,Salem,West,0,0,Monsoon,3,0,16423
2024-07-12,Chennai,North,0,0,Monsoon,4,0,25911
2024-07-12,Madurai,South,0,0,Monsoon,4,0,19062
2024-07-12,Coimbatore,West,0,0,Monsoon,4,0,21927
2024-07-12,Trichy,Central,0,0,Monsoon,4,0,17402
2024-07-12,Salem,West,0,0,Monsoon,4,0,16662
2024-07-13,Chennai,North,0,0,Monsoon,5,1,26280
2024-07-13,Madurai,South,0,0,Monsoon,5,1,18507
2024-07-13,Coimbatore,West,0,0,Monsoon,5,1,23253
2024-07-13,Trichy,Central,0,0,Monsoon,5,1,16710
2024-07-13,Salem,West,1,0,Monsoon,5,1,22152
2024-07-14,Chennai,North,1,0,Monsoon,6,1,29211
2024-07-14,Madurai,South,0,0,Monsoon,6,1,18321
2024-07-14,Coimbatore,West,0,0,Monsoon,6,1,23966
2024-07-14,Trichy,Central,1,0,Monsoon,6,1,21755
2024-07-14,Salem,West,0,0,Monsoon,6,1,18476
2024-07-15,Chennai,North,0,0,Monsoon,0,0,25269
2024-07-15,Madurai,South,0,0,Monsoon,0,0,17466
2024-07-15,Coimbatore,West,0,0,Monsoon,0,0,23291
2024-07-15,Trichy,Central,0,0,Monsoon,0,0,15817
2024-07-15,Salem,West,1,0,Monsoon,0,0,20320
2024-07-16,Chennai,North,0,0,Monsoon,1,0,25726
2024-07-16,Madurai,South,1,0,Monsoon,1,0,21363
2024-07-16,Coimbatore,West,0,0,Monsoon,1,0,21253
2024-07-16,Trichy,Central,0,0,Monsoon,1,0,16322
2024-07-16,Salem,West,0,0,Monsoon,1,0,17472
2024-07-17,Chennai,North,0,0,Monsoon,2,0,25961
2024-07-17,Madurai,South,1,0,Monsoon,2,0,21149
2024-07-17,Coimbatore,West,1,0,Monsoon,2,0,25717
2024-07-17,Trichy,Central,0,0,Monsoon,2,0,15561
2024-07-17,Salem,West,0,0,Monsoon,2,0,16765
2024-07-18,Chennai,North,1,0,Monsoon,3,0,28653
2024-07-18,Madurai,South,0,0,Monsoon,3,0,17157
2024-07-18,Coimbatore,West,0,0,Monsoon,3,0,22308
2024-07-18,Trichy,Central,0,0,Monsoon,3,0,15818
2024-07-18,Salem,West,1,0,Monsoon,3,0,21351
2024-07-19,Chennai,North,0,0,Monsoon,4,0,24455
2024-07-19,Madurai,South,1,0,Monsoon,4,0,20990
2024-07-19,Coimbatore,West,0,0,Monsoon,4,0,21675
2024-07-19,Trichy,Central,1,0,Monsoon,4,0,19925
2024-07-19,Salem,West,0,0,Monsoon,4,0,16127
2024-07-20,Chennai,North,0,0,Monsoon,5,1,26871
2024-07-20,Madurai,South,0,0,Monsoon,5,1,20129
2024-07-20,Coimbatore,West,0,0,Monsoon,5,1,23650
2024-07-20,Trichy,Central,0,0,Monsoon,5,1,18685
2024-07-20,Salem,West,0,0,Monsoon,5,1,18371
2024-07-21,Chennai,North,0,0,Monsoon,6,1,26267
2024-07-21,Madurai,South,0,0,Monsoon,6,1,18784
2024-07-21,Coimbatore,West,1,0,Monsoon,6,1,27056
2024-07-21,Trichy,Central,0,0,Monsoon,6,1,17960
2024-07-21,Salem,West,0,0,Monsoon,6,1,17780
2024-07-22,Chennai,North,0,0,Monsoon,0,0,25605
2024-07-22,Madurai,South,0,0,Monsoon,0,0,17997
2024-07-22,Coimbatore,West,0,0,Monsoon,0,0,23058
2024-07-22,Trichy,Central,0,0,Monsoon,0,0,16963
2024-07-22,Salem,West,0,0,Monsoon,0,0,17803
2024-07-23,Chennai,North,1,0,Monsoon,1,0,29801
2024-07-23,Madurai,South,0,0,Monsoon,1,0,18113
2024-07-23,Coimbatore,West,0,0,Monsoon,1,0,23252
2024-07-23,Trichy,Central,1,0,Monsoon,1,0,20763
2024-07-23,Salem,West,0,0,Monsoon,1,0,16419
2024-07-24,Chennai,North,0,0,Monsoon,2,0,24352
2024-07-24,Madurai,South,0,0,Monsoon,2,0,19445
2024-07-24,Coimbatore,West,0,0,Monsoon,2,0,21773
2024-07-24,Trichy,Central,0,0,Monsoon,2,0,17231
2024-07-24,Salem,West,1,0,Monsoon,2,0,20076
2024-07-25,Chennai,North,0,0,Monsoon,3,0,26488
2024-07-25,Madurai,South,1,0,Monsoon,3,0,20972
2024-07-25,Coimbatore,West,1,0,Monsoon,3,0,24827
2024-07-25,Trichy,Central,1,0,Monsoon,3,0,19140
2024-07-25,Salem,West,1,0,Monsoon,3,0,21471
2024-07-26,Chennai,North,0,0,Monsoon,4,0,26388
2024-07-26,Madurai,South,1,0,Monsoon,4,0,21862
2024-07-26,Coimbatore,West,0,0,Monsoon,4,0,22721
2024-07-26,Trichy,Central,0,0,Monsoon,4,0,15112
2024-07-26,Salem,West,0,0,Monsoon,4,0,18468
2024-07-27,Chennai,North,0,0,Monsoon,5,1,25485
2024-07-27,Madurai,South,1,0,Monsoon,5,1,23211
2024-07-27,Coimbatore,West,0,0,Monsoon,5,1,24516
2024-07-27,Trichy,Central,0,0,Monsoon,5,1,16582
2024-07-27,Salem,West,1,0,Monsoon,5,1,20929
2024-07-28,Chennai,North,0,0,Monsoon,6,1,26974
2024-07-28,Madurai,South,0,0,Monsoon,6,1,18854
2024-07-28,Coimbatore,West,1,0,Monsoon,6,1,27333
2024-07-28,Trichy,Central,1,0,Monsoon,6,1,21637
2024-07-28,Salem,West,1,0,Monsoon,6,1,22338
2024-07-29,Chennai,North,0,0,Monsoon,0,0,26308
2024-07-29,Madurai,South,0,0,Monsoon,0,0,18524
2024-07-29,Coimbatore,West,0,0,Monsoon,0,0,21831
2024-07-29,Trichy,Central,1,0,Monsoon,0,0,20766
2024-07-29,Salem,West,0,0,Monsoon,0,0,17012
2024-07-30,Chennai,North,0,0,Monsoon,1,0,24193
2024-07-30,Madurai,South,0,0,Monsoon,1,0,18996
2024-07-30,Coimbatore,West,1,0,Monsoon,1,0,26778
2024-07-30,Trichy,Central,1,0,Monsoon,1,0,19540
2024-07-30,Salem,West,0,0,Monsoon,1,0,17986
2024-07-31,Chennai,North,0,0,Monsoon,2,0,24735
2024-07-31,Madurai,South,0,0,Monsoon,2,0,17872
2024-07-31,Coimbatore,West,0,0,Monsoon,2,0,21231
2024-07-31,Trichy,Central,1,0,Monsoon,2,0,18664
2024-07-31,Salem,West,0,0,Monsoon,2,0,16944
2024-08-01,Chennai,North,0,0,Monsoon,3,0,24513
2024-08-01,Madurai,South,0,0,Monsoon,3,0,18928
2024-08-01,Coimbatore,West,0,0,Monsoon,3,0,22102
2024-08-01,Trichy,Central,0,0,Monsoon,3,0,16747
2024-08-01,Salem,West,1,0,Monsoon,3,0,20559
2024-08-02,Chennai,North,0,0,Monsoon,4,0,24331
2024-08-02,Madurai,South,0,0,Monsoon,4,0,19163
2024-08-02,Coimbatore,West,0,0,Monsoon,4,0,22059
2024-08-02,Trichy,Central,0,0,Monsoon,4,0,17465
2024-08-02,Salem,West,0,0,Monsoon,4,0,17070
2024-08-03,Chennai,North,0,0,Monsoon,5,1,25886
2024-08-03,Madurai,South,0,0,Monsoon,5,1,19993
2024-08-03,Coimbatore,West,0,0,Monsoon,5,1,23427
2024-08-03,Trichy,Central,0,0,Monsoon,5,1,18580
2024-08-03,Salem,West,0,0,Monsoon,5,1,19049
2024-08-04,Chennai,North,1,0,Monsoon,6,1,28992
2024-08-04,Madurai,South,0,0,Monsoon,6,1,19861
2024-08-04,Coimbatore,West,0,0,Monsoon,6,1,24005
2024-08-04,Trichy,Central,1,0,Monsoon,6,1,20411
2024-08-04,Salem,West,0,0,Monsoon,6,1,18841
2024-08-05,Chennai,North,0,0,Monsoon,0,0,26303
2024-08-05,Madurai,South,1,0,Monsoon,0,0,21587
2024-08-05,Coimbatore,West,0,0,Monsoon,0,0,22331
2024-08-05,Trichy,Central,0,0,Monsoon,0,0,16996
2024-08-05,Salem,West,0,0,Monsoon,0,0,18403
2024-08-06,Chennai,North,1,0,Monsoon,1,0,29306
2024-08-06,Madurai,South,0,0,Monsoon,1,0,18690
2024-08-06,Coimbatore,West,0,0,Monsoon,1,0,22144
2024-08-06,Trichy,Central,0,0,Monsoon,1,0,16452
2024-08-06,Salem,West,0,0,Monsoon,1,0,17942
2024-08-07,Chennai,North,0,0,Monsoon,2,0,24478
2024-08-07,Madurai,South,0,0,Monsoon,2,0,17311
2024-08-07,Coimbatore,West,0,0,Monsoon,2,0,22644
2024-08-07,Trichy,Central,0,0,Monsoon,2,0,15398
2024-08-07,Salem,West,0,0,Monsoon,2,0,18389
2024-08-08,Chennai,North,0,0,Monsoon,3,0,26063
2024-08-08,Madurai,South,0,0,Monsoon,3,0,18463
2024-08-08,Coimbatore,West,0,0,Monsoon,3,0,21162
2024-08-08,Trichy,Central,0,0,Monsoon,3,0,15878
2024-08-08,Salem,West,0,0,Monsoon,3,0,18061
2024-08-09,Chennai,North,0,0,Monsoon,4,0,24937
2024-08-09,Madurai,South,1,0,Monsoon,4,0,21580
2024-08-09,Coimbatore,West,0,0,Monsoon,4,0,22259
2024-08-09,Trichy,Central,1,0,Monsoon,4,0,20509
2024-08-09,Salem,West,0,0,Monsoon,4,0,17363
2024-08-10,Chennai,North,0,0,Monsoon,5,1,26773
2024-08-10,Madurai,South,1,0,Monsoon,5,1,23708
2024-08-10,Coimbatore,West,0,0,Monsoon,5,1,24223
2024-08-10,Trichy,Central,0,0,Monsoon,5,1,17132
2024-08-10,Salem,West,0,0,Monsoon,5,1,18581
2024-08-11,Chennai,North,1,0,Monsoon,6,1,28987
2024-08-11,Madurai,South,0,0,Monsoon,6,1,18897
2024-08-11,Coimbatore,West,0,0,Monsoon,6,1,23368
2024-08-11,Trichy,Central,1,0,Monsoon,6,1,21009
2024-08-11,Salem,West,0,0,Monsoon,6,1,18103
2024-08-12,Chennai,North,0,0,Monsoon,0,0,25042
2024-08-12,Madurai,South,1,0,Monsoon,0,0,22933
2024-08-12,Coimbatore,West,0,0,Monsoon,0,0,23145
2024-08-12,Trichy,Central,0,0,Monsoon,0,0,16154
2024-08-12,Salem,West,1,0,Monsoon,0,0,21609
2024-08-13,Chennai,North,1,0,Monsoon,1,0,28289
2024-08-13,Madurai,South,0,0,Monsoon,1,0,17793
2024-08-13,Coimbatore,West,0,0,Monsoon,1,0,23338
2024-08-13,Trichy,Central,1,0,Monsoon,1,0,19353
2024-08-13,Salem,West,0,0,Monsoon,1,0,18246
2024-08-14,Chennai,North,0,0,Monsoon,2,0,24404
2024-08-14,Madurai,South,0,0,Monsoon,2,0,17126
2024-08-14,Coimbatore,West,1,0,Monsoon,2,0,25163
2024-08-14,Trichy,Central,0,0,Monsoon,2,0,15378
2024-08-14,Salem,West,0,0,Monsoon,2,0,16137
2024-08-15,Chennai,North,0,1,Monsoon,3,0,30671
2024-08-15,Madurai,South,1,1,Monsoon,3,0,26628
2024-08-15,Coimbatore,West,0,1,Monsoon,3,0,27579
2024-08-15,Trichy,Central,1,1,Monsoon,3,0,23164
2024-08-15,Salem,West,0,1,Monsoon,3,0,22779
2024-08-16,Chennai,North,1,0,Monsoon,4,0,27648
2024-08-16,Madurai,South,0,0,Monsoon,4,0,19268
2024-08-16,Coimbatore,West,0,0,Monsoon,4,0,23294
2024-08-16,Trichy,Central,0,0,Monsoon,4,0,15170
2024-08-16,Salem,West,1,0,Monsoon,4,0,20334
2024-08-17,Chennai,North,0,0,Monsoon,5,1,25694
2024-08-17,Madurai,South,0,0,Monsoon,5,1,19287
2024-08-17,Coimbatore,West,0,0,Monsoon,5,1,24456
2024-08-17,Trichy,Central,0,0,Monsoon,5,1,17751
2024-08-17,Salem,West,0,0,Monsoon,5,1,18925
2024-08-18,Chennai,North,0,0,Monsoon,6,1,26828
2024-08-18,Madurai,South,1,0,Monsoon,6,1,23680
2024-08-18,Coimbatore,West,0,0,Monsoon,6,1,23225
2024-08-18,Trichy,Central,0,0,Monsoon,6,1,16630
2024-08-18,Salem,West,0,0,Monsoon,6,1,17682
2024-08-19,Chennai,North,1,0,Monsoon,0,0,29153
2024-08-19,Madurai,South,1,0,Monsoon,0,0,22863
2024-08-19,Coimbatore,West,1,0,Monsoon,0,0,24829
2024-08-19,Trichy,Central,0,0,Monsoon,0,0,15801
2024-08-19,Salem,West,0,0,Monsoon,0,0,18147
2024-08-20,Chennai,North,1,0,Monsoon,1,0,28956
2024-08-20,Madurai,South,0,0,Monsoon,1,0,19263
2024-08-20,Coimbatore,West,0,0,Monsoon,1,0,22041
2024-08-20,Trichy,Central,0,0,Monsoon,1,0,17421
2024-08-20,Salem,West,1,0,Monsoon,1,0,20710
2024-08-21,Chennai,North,0,0,Monsoon,2,0,24404
2024-08-21,Madurai,South,0,0,Monsoon,2,0,19324
2024-08-21,Coimbatore,West,0,0,Monsoon,2,0,21834
2024-08-21,Trichy,Central,0,0,Monsoon,2,0,15164
2024-08-21,Salem,West,0,0,Monsoon,2,0,16690
2024-08-22,Chennai,North,1,0,Monsoon,3,0,27915
2024-08-22,Madurai,South,0,0,Monsoon,3,0,17765
2024-08-22,Coimbatore,West,0,0,Monsoon,3,0,23421
2024-08-22,Trichy,Central,1,0,Monsoon,3,0,20814
2024-08-22,Salem,West,0,0,Monsoon,3,0,17672
2024-08-23,Chennai,North,0,0,Monsoon,4,0,24421
2024-08-23,Madurai,South,0,0,Monsoon,4,0,17319
2024-08-23,Coimbatore,West,0,0,Monsoon,4,0,22890
2024-08-23,Trichy,Central,0,0,Monsoon,4,0,15411
2024-08-23,Salem,West,0,0,Monsoon,4,0,17724
2024-08-24,Chennai,North,0,0,Monsoon,5,1,25421
2024-08-24,Madurai,South,0,0,Monsoon,5,1,20145
2024-08-24,Coimbatore,West,1,0,Monsoon,5,1,26734
2024-08-24,Trichy,Central,0,0,Monsoon,5,1,18565
2024-08-24,Salem,West,1,0,Monsoon,5,1,22568
2024-08-25,Chennai,North,0,0,Monsoon,6,1,27699
2024-08-25,Madurai,South,1,0,Monsoon,6,1,22151
2024-08-25,Coimbatore,West,0,0,Monsoon,6,1,23309
2024-08-25,Trichy,Central,0,0,Monsoon,6,1,16636
2024-08-25,Salem,West,0,0,Monsoon,6,1,17931
2024-08-26,Chennai,North,1,0,Monsoon,0,0,28231
2024-08-26,Madurai,South,1,0,Monsoon,0,0,21897
2024-08-26,Coimbatore,West,0,0,Monsoon,0,0,21536
2024-08-26,Trichy,Central,0,0,Monsoon,0,0,15121
2024-08-26,Salem,West,0,0,Monsoon,0,0,17921
2024-08-27,Chennai,North,0,0,Monsoon,1,0,25204
2024-08-27,Madurai,South,0,0,Monsoon,1,0,17642
2024-08-27,Coimbatore,West,0,0,Monsoon,1,0,21867
2024-08-27,Trichy,Central,1,0,Monsoon,1,0,20438
2024-08-27,Salem,West,1,0,Monsoon,1,0,20023
2024-08-28,Chennai,North,0,0,Monsoon,2,0,24467
2024-08-28,Madurai,South,0,0,Monsoon,2,0,19370
2024-08-28,Coimbatore,West,0,0,Monsoon,2,0,22428
2024-08-28,Trichy,Central,1,0,Monsoon,2,0,18650
2024-08-28,Salem,West,0,0,Monsoon,2,0,17794
2024-08-29,Chennai,North,1,0,Monsoon,3,0,27946
2024-08-29,Madurai,South,0,0,Monsoon,3,0,19442
2024-08-29,Coimbatore,West,0,0,Monsoon,3,0,22659
2024-08-29,Trichy,Central,0,0,Monsoon,3,0,15668
2024-08-29,Salem,West,0,0,Monsoon,3,0,17333
2024-08-30,Chennai,North,0,0,Monsoon,4,0,26119
2024-08-30,Madurai,South,0,0,Monsoon,4,0,17359
2024-08-30,Coimbatore,West,0,0,Monsoon,4,0,22880
2024-08-30,Trichy,Central,0,0,Monsoon,4,0,16824
2024-08-30,Salem,West,0,0,Monsoon,4,0,18083
2024-08-31,Chennai,North,0,0,Monsoon,5,1,26779
2024-08-31,Madurai,South,0,0,Monsoon,5,1,19310
2024-08-31,Coimbatore,West,1,0,Monsoon,5,1,26600
2024-08-31,Trichy,Central,1,0,Monsoon,5,1,20238
2024-08-31,Salem,West,0,0,Monsoon,5,1,18547
2024-09-01,Chennai,North,0,0,Autumn,6,1,27620
2024-09-01,Madurai,South,0,0,Autumn,6,1,20556
2024-09-01,Coimbatore,West,0,0,Autumn,6,1,24803
2024-09-01,Trichy,Central,0,0,Autumn,6,1,18763
2024-09-01,Salem,West,0,0,Autumn,6,1,19230
2024-09-02,Chennai,North,0,0,Autumn,0,0,25622
2024-09-02,Madurai,South,1,0,Autumn,0,0,22586
2024-09-02,Coimbatore,West,0,0,Autumn,0,0,23431
2024-09-02,Trichy,Central,0,0,Autumn,0,0,16993
2024-09-02,Salem,West,1,0,Autumn,0,0,22658
2024-09-03,Chennai,North,0,0,Autumn,1,0,26134
2024-09-03,Madurai,South,1,0,Autumn,1,0,22448
2024-09-03,Coimbatore,West,1,0,Autumn,1,0,26795
2024-09-03,Trichy,Central,0,0,Autumn,1,0,18109
2024-09-03,Salem,West,0,0,Autumn,1,0,19034
2024-09-04,Chennai,North,0,0,Autumn,2,0,27053
2024-09-04,Madurai,South,0,0,Autumn,2,0,19690
2024-09-04,Coimbatore,West,0,0,Autumn,2,0,23595
2024-09-04,Trichy,Central,0,0,Autumn,2,0,16083
2024-09-04,Salem,West,1,0,Autumn,2,0,22345
2024-09-05,Chennai,North,0,0,Autumn,3,0,26040
2024-09-05,Madurai,South,0,0,Autumn,3,0,18834
2024-09-05,Coimbatore,West,0,0,Autumn,3,0,23533
2024-09-05,Trichy,Central,1,0,Autumn,3,0,19602
2024-09-05,Salem,West,1,0,Autumn,3,0,22262
2024-09-06,Chennai,North,1,0,Autumn,4,0,30488
2024-09-06,Madurai,South,1,0,Autumn,4,0,23526
2024-09-06,Coimbatore,West,0,0,Autumn,4,0,23272
2024-09-06,Trichy,Central,0,0,Autumn,4,0,16247
2024-09-06,Salem,West,0,0,Autumn,4,0,18254
2024-09-07,Chennai,North,0,0,Autumn,5,1,26181
2024-09-07,Madurai,South,1,0,Autumn,5,1,23858
2024-09-07,Coimbatore,West,1,0,Autumn,5,1,26933
2024-09-07,Trichy,Central,0,0,Autumn,5,1,17403
2024-09-07,Salem,West,0,0,Autumn,5,1,18909
2024-09-08,Chennai,North,0,0,Autumn,6,1,27825
2024-09-08,Madurai,South,0,0,Autumn,6,1,20602
2024-09-08,Coimbatore,West,1,0,Autumn,6,1,28549
2024-09-08,Trichy,Central,0,0,Autumn,6,1,18412
2024-09-08,Salem,West,0,0,Autumn,6,1,19977
2024-09-09,Chennai,North,0,0,Autumn,0,0,26010
2024-09-09,Madurai,South,1,0,Autumn,0,0,21651
2024-09-09,Coimbatore,West,0,0,Autumn,0,0,22380
2024-09-09,Trichy,Central,0,0,Autumn,0,0,17077
2024-09-09,Salem,West,0,0,Autumn,0,0,18665
2024-09-10,Chennai,North,0,0,Autumn,1,0,26934
2024-09-10,Madurai,South,1,0,Autumn,1,0,22726
2024-09-10,Coimbatore,West,1,0,Autumn,1,0,25699
2024-09-10,Trichy,Central,1,0,Autumn,1,0,21153
2024-09-10,Salem,West,0,0,Autumn,1,0,17075
2024-09-11,Chennai,North,0,0,Autumn,2,0,24983
2024-09-11,Madurai,South,0,0,Autumn,2,0,17892
2024-09-11,Coimbatore,West,0,0,Autumn,2,0,22247
2024-09-11,Trichy,Central,0,0,Autumn,2,0,16799
2024-09-11,Salem,West,0,0,Autumn,2,0,19060
2024-09-12,Chennai,North,0,0,Autumn,3,0,26155
2024-09-12,Madurai,South,1,0,Autumn,3,0,23192
2024-09-12,Coimbatore,West,0,0,Autumn,3,0,23459
2024-09-12,Trichy,Central,0,0,Autumn,3,0,16563
2024-09-12,Salem,West,1,0,Autumn,3,0,21920
2024-09-13,Chennai,North,0,0,Autumn,4,0,25608
2024-09-13,Madurai,South,1,0,Autumn,4,0,23059
2024-09-13,Coimbatore,West,1,0,Autumn,4,0,25318
2024-09-13,Trichy,Central,0,0,Autumn,4,0,16642
2024-09-13,Salem,West,0,0,Autumn,4,0,17056
2024-09-14,Chennai,North,0,0,Autumn,5,1,28199
2024-09-14,Madurai,South,0,0,Autumn,5,1,20498
2024-09-14,Coimbatore,West,0,0,Autumn,5,1,23807
2024-09-14,Trichy,Central,1,0,Autumn,5,1,20966
2024-09-14,Salem,West,0,0,Autumn,5,1,20004
2024-09-15,Chennai,North,0,0,Autumn,6,1,27591
2024-09-15,Madurai,South,1,0,Autumn,6,1,22967
2024-09-15,Coimbatore,West,0,0,Autumn,6,1,24441
2024-09-15,Trichy,Central,1,0,Autumn,6,1,21206
2024-09-15,Salem,West,0,0,Autumn,6,1,18347
2024-09-16,Chennai,North,0,0,Autumn,0,0,26082
2024-09-16,Madurai,South,0,0,Autumn,0,0,18777
2024-09-16,Coimbatore,West,0,0,Autumn,0,0,22279
2024-09-16,Trichy,Central,0,0,Autumn,0,0,17329
2024-09-16,Salem,West,0,0,Autumn,0,0,18892
2024-09-17,Chennai,North,1,0,Autumn,1,0,30013
2024-09-17,Madurai,South,0,0,Autumn,1,0,20154
2024-09-17,Coimbatore,West,1,0,Autumn,1,0,27032
2024-09-17,Trichy,Central,0,0,Autumn,1,0,17793
2024-09-17,Salem,West,0,0,Autumn,1,0,19072
2024-09-18,Chennai,North,0,0,Autumn,2,0,26805
2024-09-18,Madurai,South,0,0,Autumn,2,0,18374
2024-09-18,Coimbatore,West,0,0,Autumn,2,0,23088
2024-09-18,Trichy,Central,1,0,Autumn,2,0,19519
2024-09-18,Salem,West,0,0,Autumn,2,0,16839
2024-09-19,Chennai,North,1,0,Autumn,3,0,28859
2024-09-19,Madurai,South,0,0,Autumn,3,0,19372
2024-09-19,Coimbatore,West,1,0,Autumn,3,0,26975
2024-09-19,Trichy,Central,1,0,Autumn,3,0,21002
2024-09-19,Salem,West,1,0,Autumn,3,0,22301
2024-09-20,Chennai,North,0,0,Autumn,4,0,25138
2024-09-20,Madurai,South,0,0,Autumn,4,0,18703
2024-09-20,Coimbatore,West,0,0,Autumn,4,0,21933
2024-09-20,Trichy,Central,0,0,Autumn,4,0,16720
2024-09-20,Salem,West,0,0,Autumn,4,0,17488
2024-09-21,Chennai,North,1,0,Autumn,5,1,31816
2024-09-21,Madurai,South,1,0,Autumn,5,1,24751
2024-09-21,Coimbatore,West,0,0,Autumn,5,1,25345
2024-09-21,Trichy,Central,0,0,Autumn,5,1,18097
2024-09-21,Salem,West,0,0,Autumn,5,1,20220
2024-09-22,Chennai,North,0,0,Autumn,6,1,27807
2024-09-22,Madurai,South,0,0,Autumn,6,1,20741
2024-09-22,Coimbatore,West,0,0,Autumn,6,1,24013
2024-09-22,Trichy,Central,0,0,Autumn,6,1,17132
2024-09-22,Salem,West,1,0,Autumn,6,1,22576
2024-09-23,Chennai,North,0,0,Autumn,0,0,25156
2024-09-23,Madurai,South,1,0,Autumn,0,0,21780
2024-09-23,Coimbatore,West,0,0,Autumn,0,0,22659
2024-09-23,Trichy,Central,0,0,Autumn,0,0,17553
2024-09-23,Salem,West,0,0,Autumn,0,0,17370
2024-09-24,Chennai,North,0,0,Autumn,1,0,25647
2024-09-24,Madurai,South,0,0,Autumn,1,0,20135
2024-09-24,Coimbatore,West,0,0,Autumn,1,0,23980
2024-09-24,Trichy,Central,0,0,Autumn,1,0,18006
2024-09-24,Salem,West,0,0,Autumn,1,0,18125
2024-09-25,Chennai,North,0,0,Autumn,2,0,25985
2024-09-25,Madurai,South,0,0,Autumn,2,0,19907
2024-09-25,Coimbatore,West,0,0,Autumn,2,0,22355
2024-09-25,Trichy,Central,1,0,Autumn,2,0,19542
2024-09-25,Salem,West,0,0,Autumn,2,0,17319
2024-09-26,Chennai,North,0,0,Autumn,3,0,25822
2024-09-26,Madurai,South,0,0,Autumn,3,0,19119
2024-09-26,Coimbatore,West,0,0,Autumn,3,0,23408
2024-09-26,Trichy,Central,1,0,Autumn,3,0,19882
2024-09-26,Salem,West,0,0,Autumn,3,0,18496
2024-09-27,Chennai,North,1,0,Autumn,4,0,30151
2024-09-27,Madurai,South,0,0,Autumn,4,0,18181
2024-09-27,Coimbatore,West,1,0,Autumn,4,0,27411
2024-09-27,Trichy,Central,0,0,Autumn,4,0,17311
2024-09-27,Salem,West,1,0,Autumn,4,0,22299
2024-09-28,Chennai,North,0,0,Autumn,5,1,28383
2024-09-28,Madurai,South,0,0,Autumn,5,1,19381
2024-09-28,Coimbatore,West,1,0,Autumn,5,1,27967
2024-09-28,Trichy,Central,0,0,Autumn,5,1,19189
2024-09-28,Salem,West,1,0,Autumn,5,1,22392
2024-09-29,Chennai,North,1,0,Autumn,6,1,30367
2024-09-29,Madurai,South,1,0,Autumn,6,1,23599
2024-09-29,Coimbatore,West,0,0,Autumn,6,1,24161
2024-09-29,Trichy,Central,0,0,Autumn,6,1,19241
2024-09-29,Salem,West,0,0,Autumn,6,1,20318
2024-09-30,Chennai,North,1,0,Autumn,0,0,29707
2024-09-30,Madurai,South,0,0,Autumn,0,0,17988
2024-09-30,Coimbatore,West,0,0,Autumn,0,0,23682
2024-09-30,Trichy,Central,0,0,Autumn,0,0,16308
2024-09-30,Salem,West,0,0,Autumn,0,0,18607
2024-10-01,Chennai,North,1,0,Autumn,1,0,28302
2024-10-01,Madurai,South,1,0,Autumn,1,0,22128
2024-10-01,Coimbatore,West,0,0,Autumn,1,0,23036
2024-10-01,Trichy,Central,0,0,Autumn,1,0,16922
2024-10-01,Salem,West,0,0,Autumn,1,0,18276
2024-10-02,Chennai,North,0,1,Autumn,2,0,29637
2024-10-02,Madurai,South,0,1,Autumn,2,0,22977
2024-10-02,Coimbatore,West,0,1,Autumn,2,0,27923
2024-10-02,Trichy,Central,0,1,Autumn,2,0,21259
2024-10-02,Salem,West,1,1,Autumn,2,0,25173
2024-10-03,Chennai,North,0,0,Autumn,3,0,24804
2024-10-03,Madurai,South,0,0,Autumn,3,0,19753
2024-10-03,Coimbatore,West,0,0,Autumn,3,0,22343
2024-10-03,Trichy,Central,0,0,Autumn,3,0,17927
2024-10-03,Salem,West,1,0,Autumn,3,0,20338
2024-10-04,Chennai,North,0,0,Autumn,4,0,26207
2024-10-04,Madurai,South,0,0,Autumn,4,0,19529
2024-10-04,Coimbatore,West,0,0,Autumn,4,0,23756
2024-10-04,Trichy,Central,0,0,Autumn,4,0,16737
2024-10-04,Salem,West,1,0,Autumn,4,0,20665
2024-10-05,Chennai,North,0,0,Autumn,5,1,26422
2024-10-05,Madurai,South,0,0,Autumn,5,1,20505
2024-10-05,Coimbatore,West,0,0,Autumn,5,1,23561
2024-10-05,Trichy,Central,1,0,Autumn,5,1,21045
2024-10-05,Salem,West,0,0,Autumn,5,1,18280
2024-10-06,Chennai,North,0,0,Autumn,6,1,26672
2024-10-06,Madurai,South,1,0,Autumn,6,1,23938
2024-10-06,Coimbatore,West,0,0,Autumn,6,1,23620
2024-10-06,Trichy,Central,1,0,Autumn,6,1,22312
2024-10-06,Salem,West,0,0,Autumn,6,1,18355
2024-10-07,Chennai,North,0,0,Autumn,0,0,25373
2024-10-07,Madurai,South,0,0,Autumn,0,0,19372
2024-10-07,Coimbatore,West,0,0,Autumn,0,0,23558
2024-10-07,Trichy,Central,0,0,Autumn,0,0,16372
2024-10-07,Salem,West,0,0,Autumn,0,0,17934
2024-10-08,Chennai,North,0,0,Autumn,1,0,25816
2024-10-08,Madurai,South,0,0,Autumn,1,0,17909
2024-10-08,Coimbatore,West,0,0,Autumn,1,0,22641
2024-10-08,Trichy,Central,0,0,Autumn,1,0,17404
2024-10-08,Salem,West,0,0,Autumn,1,0,17023
2024-10-09,Chennai,North,0,0,Autumn,2,0,26827
2024-10-09,Madurai,South,1,0,Autumn,2,0,21761
2024-10-09,Coimbatore,West,0,0,Autumn,2,0,23846
2024-10-09,Trichy,Central,0,0,Autumn,2,0,17963
2024-10-09,Salem,West,0,0,Autumn,2,0,18279
2024-10-10,Chennai,North,0,0,Autumn,3,0,25340
2024-10-10,Madurai,South,1,0,Autumn,3,0,23628
2024-10-10,Coimbatore,West,1,0,Autumn,3,0,26796
2024-10-10,Trichy,Central,0,0,Autumn,3,0,17729
2024-10-10,Salem,West,0,0,Autumn,3,0,16868
2024-10-11,Chennai,North,0,0,Autumn,4,0,24856
2024-10-11,Madurai,South,0,0,Autumn,4,0,18683
2024-10-11,Coimbatore,West,0,0,Autumn,4,0,22047
2024-10-11,Trichy,Central,1,0,Autumn,4,0,21375
2024-10-11,Salem,West,0,0,Autumn,4,0,18852
2024-10-12,Chennai,North,1,0,Autumn,5,1,31234
2024-10-12,Madurai,South,1,0,Autumn,5,1,22837
2024-10-12,Coimbatore,West,0,0,Autumn,5,1,24136
2024-10-12,Trichy,Central,0,0,Autumn,5,1,18269
2024-10-12,Salem,West,0,0,Autumn,5,1,20094
2024-10-13,Chennai,North,0,0,Autumn,6,1,26636
2024-10-13,Madurai,South,0,0,Autumn,6,1,20600
2024-10-13,Coimbatore,West,0,0,Autumn,6,1,24270
2024-10-13,Trichy,Central,1,0,Autumn,6,1,21477
2024-10-13,Salem,West,0,0,Autumn,6,1,19001
2024-10-14,Chennai,North,0,0,Autumn,0,0,26579
2024-10-14,Madurai,South,0,0,Autumn,0,0,19657
2024-10-14,Coimbatore,West,0,0,Autumn,0,0,23066
2024-10-14,Trichy,Central,0,0,Autumn,0,0,16289
2024-10-14,Salem,West,0,0,Autumn,0,0,17362
2024-10-15,Chennai,North,0,0,Autumn,1,0,25471
2024-10-15,Madurai,South,1,0,Autumn,1,0,22720
2024-10-15,Coimbatore,West,0,0,Autumn,1,0,22483
2024-10-15,Trichy,Central,0,0,Autumn,1,0,16319
2024-10-15,Salem,West,0,0,Autumn,1,0,17283
2024-10-16,Chennai,North,0,0,Autumn,2,0,26172
2024-10-16,Madurai,South,1,0,Autumn,2,0,22414
2024-10-16,Coimbatore,West,0,0,Autumn,2,0,22877
2024-10-16,Trichy,Central,0,0,Autumn,2,0,17832
2024-10-16,Salem,West,1,0,Autumn,2,0,22392
2024-10-17,Chennai,North,0,0,Autumn,3,0,25027
2024-10-17,Madurai,South,1,0,Autumn,3,0,23621
2024-10-17,Coimbatore,West,0,0,Autumn,3,0,23306
2024-10-17,Trichy,Central,0,0,Autumn,3,0,16844
2024-10-17,Salem,West,0,0,Autumn,3,0,19150
2024-10-18,Chennai,North,0,0,Autumn,4,0,25735
2024-10-18,Madurai,South,0,0,Autumn,4,0,17980
2024-10-18,Coimbatore,West,0,0,Autumn,4,0,22801
2024-10-18,Trichy,Central,0,0,Autumn,4,0,17732
2024-10-18,Salem,West,0,0,Autumn,4,0,18368
2024-10-19,Chennai,North,0,0,Autumn,5,1,26733
2024-10-19,Madurai,South,0,0,Autumn,5,1,21264
2024-10-19,Coimbatore,West,1,0,Autumn,5,1,27419
2024-10-19,Trichy,Central,0,0,Autumn,5,1,18016
2024-10-19,Salem,West,1,0,Autumn,5,1,22810
2024-10-20,Chennai,North,0,0,Autumn,6,1,26319
2024-10-20,Madurai,South,0,0,Autumn,6,1,19489
2024-10-20,Coimbatore,West,0,0,Autumn,6,1,23734
2024-10-20,Trichy,Central,0,0,Autumn,6,1,19112
2024-10-20,Salem,West,0,0,Autumn,6,1,19642
2024-10-21,Chennai,North,0,0,Autumn,0,0,26705
2024-10-21,Madurai,South,0,0,Autumn,0,0,19072
2024-10-21,Coimbatore,West,0,0,Autumn,0,0,22153
2024-10-21,Trichy,Central,1,0,Autumn,0,0,19332
2024-10-21,Salem,West,0,0,Autumn,0,0,17621
2024-10-22,Chennai,North,0,0,Autumn,1,0,27109
2024-10-22,Madurai,South,0,0,Autumn,1,0,18793
2024-10-22,Coimbatore,West,1,0,Autumn,1,0,26808
2024-10-22,Trichy,Central,1,0,Autumn,1,0,20100
2024-10-22,Salem,West,0,0,Autumn,1,0,17416
2024-10-23,Chennai,North,0,0,Autumn,2,0,26479
2024-10-23,Madurai,South,0,0,Autumn,2,0,18754
2024-10-23,Coimbatore,West,0,0,Autumn,2,0,21839
2024-10-23,Trichy,Central,0,0,Autumn,2,0,15805
2024-10-23,Salem,West,1,0,Autumn,2,0,21559
2024-10-24,Chennai,North,0,0,Autumn,3,0,25640
2024-10-24,Madurai,South,0,0,Autumn,3,0,19519
2024-10-24,Coimbatore,West,1,0,Autumn,3,0,25545
2024-10-24,Trichy,Central,0,0,Autumn,3,0,16946
2024-10-24,Salem,West,0,0,Autumn,3,0,16979
2024-10-25,Chennai,North,0,0,Autumn,4,0,26928
2024-10-25,Madurai,South,1,0,Autumn,4,0,22825
2024-10-25,Coimbatore,West,1,0,Autumn,4,0,25647
2024-10-25,Trichy,Central,0,0,Autumn,4,0,17870
2024-10-25,Salem,West,0,0,Autumn,4,0,18415
2024-10-26,Chennai,North,0,0,Autumn,5,1,28325
2024-10-26,Madurai,South,0,0,Autumn,5,1,20781
2024-10-26,Coimbatore,West,0,0,Autumn,5,1,23969
2024-10-26,Trichy,Central,0,0,Autumn,5,1,18069
2024-10-26,Salem,West,0,0,Autumn,5,1,19609
2024-10-27,Chennai,North,0,0,Autumn,6,1,27302
2024-10-27,Madurai,South,1,0,Autumn,6,1,23613
2024-10-27,Coimbatore,West,0,0,Autumn,6,1,23305
2024-10-27,Trichy,Central,0,0,Autumn,6,1,17557
2024-10-27,Salem,West,0,0,Autumn,6,1,18636
2024-10-28,Chennai,North,0,0,Autumn,0,0,25473
2024-10-28,Madurai,South,1,0,Autumn,0,0,23208
2024-10-28,Coimbatore,West,0,0,Autumn,0,0,23465
2024-10-28,Trichy,Central,0,0,Autumn,0,0,17995
2024-10-28,Salem,West,0,0,Autumn,0,0,17650
2024-10-29,Chennai,North,1,0,Autumn,1,0,29562
2024-10-29,Madurai,South,1,0,Autumn,1,0,22385
2024-10-29,Coimbatore,West,0,0,Autumn,1,0,22170
2024-10-29,Trichy,Central,0,0,Autumn,1,0,17046
2024-10-29,Salem,West,0,0,Autumn,1,0,17680
2024-10-30,Chennai,North,0,0,Autumn,2,0,25407
2024-10-30,Madurai,South,0,0,Autumn,2,0,18816
2024-10-30,Coimbatore,West,0,0,Autumn,2,0,23423
2024-10-30,Trichy,Central,0,0,Autumn,2,0,17024
2024-10-30,Salem,West,0,0,Autumn,2,0,17512
2024-10-31,Chennai,North,0,0,Autumn,3,0,26456
2024-10-31,Madurai,South,1,0,Autumn,3,0,23577
2024-10-31,Coimbatore,West,0,0,Autumn,3,0,22187
2024-10-31,Trichy,Central,1,0,Autumn,3,0,19717
2024-10-31,Salem,West,0,0,Autumn,3,0,17297
2024-11-01,Chennai,North,0,1,Autumn,4,0,29552
2024-11-01,Madurai,South,0,1,Autumn,4,0,22835
2024-11-01,Coimbatore,West,0,1,Autumn,4,0,27940
2024-11-01,Trichy,Central,0,1,Autumn,4,0,20644
2024-11-01,Salem,West,0,1,Autumn,4,0,21607
2024-11-02,Chennai,North,0,0,Autumn,5,1,26264
2024-11-02,Madurai,South,0,0,Autumn,5,1,20816
2024-11-02,Coimbatore,West,0,0,Autumn,5,1,23376
2024-11-02,Trichy,Central,0,0,Autumn,5,1,17501
2024-11-02,Salem,West,0,0,Autumn,5,1,19888
2024-11-03,Chennai,North,0,0,Autumn,6,1,26688
2024-11-03,Madurai,South,1,0,Autumn,6,1,24117
2024-11-03,Coimbatore,West,1,0,Autumn,6,1,26620
2024-11-03,Trichy,Central,1,0,Autumn,6,1,22247
2024-11-03,Salem,West,0,0,Autumn,6,1,19449
2024-11-04,Chennai,North,0,0,Autumn,0,0,25566
2024-11-04,Madurai,South,0,0,Autumn,0,0,18946
2024-11-04,Coimbatore,West,1,0,Autumn,0,0,25908
2024-11-04,Trichy,Central,0,0,Autumn,0,0,16806
2024-11-04,Salem,West,0,0,Autumn,0,0,18843
2024-11-05,Chennai,North,1,0,Autumn,1,0,30555
2024-11-05,Madurai,South,1,0,Autumn,1,0,21549
2024-11-05,Coimbatore,West,0,0,Autumn,1,0,22945
2024-11-05,Trichy,Central,1,0,Autumn,1,0,19862
2024-11-05,Salem,West,1,0,Autumn,1,0,21116
2024-11-06,Chennai,North,0,0,Autumn,2,0,27026
2024-11-06,Madurai,South,0,0,Autumn,2,0,19366
2024-11-06,Coimbatore,West,0,0,Autumn,2,0,23764
2024-11-06,Trichy,Central,1,0,Autumn,2,0,20709
2024-11-06,Salem,West,0,0,Autumn,2,0,18390
2024-11-07,Chennai,North,0,0,Autumn,3,0,25536
2024-11-07,Madurai,South,0,0,Autumn,3,0,19106
2024-11-07,Coimbatore,West,0,0,Autumn,3,0,21920
2024-11-07,Trichy,Central,0,0,Autumn,3,0,16039
2024-11-07,Salem,West,1,0,Autumn,3,0,22468
2024-11-08,Chennai,North,0,0,Autumn,4,0,27192
2024-11-08,Madurai,South,0,0,Autumn,4,0,18453
2024-11-08,Coimbatore,West,0,0,Autumn,4,0,22815
2024-11-08,Trichy,Central,0,0,Autumn,4,0,16891
2024-11-08,Salem,West,0,0,Autumn,4,0,17698
2024-11-09,Chennai,North,1,0,Autumn,5,1,30953
2024-11-09,Madurai,South,0,0,Autumn,5,1,19721
2024-11-09,Coimbatore,West,0,0,Autumn,5,1,24302
2024-11-09,Trichy,Central,0,0,Autumn,5,1,17115
2024-11-09,Salem,West,0,0,Autumn,5,1,20325
2024-11-10,Chennai,North,0,0,Autumn,6,1,28306
2024-11-10,Madurai,South,0,0,Autumn,6,1,21016
2024-11-10,Coimbatore,West,0,0,Autumn,6,1,23719
2024-11-10,Trichy,Central,1,0,Autumn,6,1,20655
2024-11-10,Salem,West,0,0,Autumn,6,1,18230
2024-11-11,Chennai,North,0,0,Autumn,0,0,25696
2024-11-11,Madurai,South,0,0,Autumn,0,0,19956
2024-11-11,Coimbatore,West,1,0,Autumn,0,0,25302
2024-11-11,Trichy,Central,0,0,Autumn,0,0,16625
2024-11-11,Salem,West,0,0,Autumn,0,0,18195
2024-11-12,Chennai,North,0,0,Autumn,1,0,26125
2024-11-12,Madurai,South,0,0,Autumn,1,0,17889
2024-11-12,Coimbatore,West,0,0,Autumn,1,0,22380
2024-11-12,Trichy,Central,0,0,Autumn,1,0,17955
2024-11-12,Salem,West,0,0,Autumn,1,0,17097
2024-11-13,Chennai,North,0,0,Autumn,2,0,26420
2024-11-13,Madurai,South,0,0,Autumn,2,0,19178
2024-11-13,Coimbatore,West,0,0,Autumn,2,0,23121
2024-11-13,Trichy,Central,0,0,Autumn,2,0,16445
2024-11-13,Salem,West,1,0,Autumn,2,0,22295
2024-11-14,Chennai,North,0,0,Autumn,3,0,25513
2024-11-14,Madurai,South,0,0,Autumn,3,0,18714
2024-11-14,Coimbatore,West,0,0,Autumn,3,0,23349
2024-11-14,Trichy,Central,0,0,Autumn,3,0,17006
2024-11-14,Salem,West,0,0,Autumn,3,0,17527
2024-11-15,Chennai,North,0,0,Autumn,4,0,27146
2024-11-15,Madurai,South,1,0,Autumn,4,0,23624
2024-11-15,Coimbatore,West,0,0,Autumn,4,0,22545
2024-11-15,Trichy,Central,0,0,Autumn,4,0,16704
2024-11-15,Salem,West,0,0,Autumn,4,0,18832
2024-11-16,Chennai,North,0,0,Autumn,5,1,27356
2024-11-16,Madurai,South,0,0,Autumn,5,1,19974
2024-11-16,Coimbatore,West,0,0,Autumn,5,1,24308
2024-11-16,Trichy,Central,0,0,Autumn,5,1,17363
2024-11-16,Salem,West,0,0,Autumn,5,1,19829
2024-11-17,Chennai,North,0,0,Autumn,6,1,27086
2024-11-17,Madurai,South,0,0,Autumn,6,1,20022
2024-11-17,Coimbatore,West,0,0,Autumn,6,1,24435
2024-11-17,Trichy,Central,0,0,Autumn,6,1,17442
2024-11-17,Salem,West,0,0,Autumn,6,1,18197
2024-11-18,Chennai,North,1,0,Autumn,0,0,30094
2024-11-18,Madurai,South,1,0,Autumn,0,0,21981
2024-11-18,Coimbatore,West,1,0,Autumn,0,0,27319
2024-11-18,Trichy,Central,1,0,Autumn,0,0,20738
2024-11-18,Salem,West,1,0,Autumn,0,0,20715
2024-11-19,Chennai,North,1,0,Autumn,1,0,30667
2024-11-19,Madurai,South,0,0,Autumn,1,0,18466
2024-11-19,Coimbatore,West,1,0,Autumn,1,0,25601
2024-11-19,Trichy,Central,0,0,Autumn,1,0,17007
2024-11-19,Salem,West,0,0,Autumn,1,0,18105
2024-11-20,Chennai,North,0,0,Autumn,2,0,25228
2024-11-20,Madurai,South,0,0,Autumn,2,0,19200
2024-11-20,Coimbatore,West,0,0,Autumn,2,0,23337
2024-11-20,Trichy,Central,0,0,Autumn,2,0,16107
2024-11-20,Salem,West,0,0,Autumn,2,0,18184
2024-11-21,Chennai,North,1,0,Autumn,3,0,28426
2024-11-21,Madurai,South,1,0,Autumn,3,0,21975
2024-11-21,Coimbatore,West,1,0,Autumn,3,0,25943
2024-11-21,Trichy,Central,0,0,Autumn,3,0,16214
2024-11-21,Salem,West,0,0,Autumn,3,0,17641
2024-11-22,Chennai,North,0,0,Autumn,4,0,26476
2024-11-22,Madurai,South,0,0,Autumn,4,0,18953
2024-11-22,Coimbatore,West,0,0,Autumn,4,0,22772
2024-11-22,Trichy,Central,0,0,Autumn,4,0,16003
2024-11-22,Salem,West,1,0,Autumn,4,0,22641
2024-11-23,Chennai,North,1,0,Autumn,5,1,30129
2024-11-23,Madurai,South,0,0,Autumn,5,1,20477
2024-11-23,Coimbatore,West,0,0,Autumn,5,1,24751
2024-11-23,Trichy,Central,0,0,Autumn,5,1,18206
2024-11-23,Salem,West,1,0,Autumn,5,1,22317
2024-11-24,Chennai,North,0,0,Autumn,6,1,26105
2024-11-24,Madurai,South,0,0,Autumn,6,1,19699
2024-11-24,Coimbatore,West,0,0,Autumn,6,1,23335
2024-11-24,Trichy,Central,1,0,Autumn,6,1,20973
2024-11-24,Salem,West,0,0,Autumn,6,1,19628
2024-11-25,Chennai,North,1,0,Autumn,0,0,30303
2024-11-25,Madurai,South,0,0,Autumn,0,0,18173
2024-11-25,Coimbatore,West,1,0,Autumn,0,0,26057
2024-11-25,Trichy,Central,0,0,Autumn,0,0,17362
2024-11-25,Salem,West,0,0,Autumn,0,0,17564
2024-11-26,Chennai,North,1,0,Autumn,1,0,28482
2024-11-26,Madurai,South,0,0,Autumn,1,0,19601
2024-11-26,Coimbatore,West,1,0,Autumn,1,0,26378
2024-11-26,Trichy,Central,0,0,Autumn,1,0,16900
2024-11-26,Salem,West,0,0,Autumn,1,0,17419
2024-11-27,Chennai,North,0,0,Autumn,2,0,25151
2024-11-27,Madurai,South,0,0,Autumn,2,0,20017
2024-11-27,Coimbatore,West,1,0,Autumn,2,0,26231
2024-11-27,Trichy,Central,0,0,Autumn,2,0,17385
2024-11-27,Salem,West,1,0,Autumn,2,0,22493
2024-11-28,Chennai,North,1,0,Autumn,3,0,30645
2024-11-28,Madurai,South,0,0,Autumn,3,0,19750
2024-11-28,Coimbatore,West,0,0,Autumn,3,0,22123
2024-11-28,Trichy,Central,1,0,Autumn,3,0,19442
2024-11-28,Salem,West,0,0,Autumn,3,0,17292
2024-11-29,Chennai,North,1,0,Autumn,4,0,29008
2024-11-29,Madurai,South,0,0,Autumn,4,0,18667
2024-11-29,Coimbatore,West,0,0,Autumn,4,0,22316
2024-11-29,Trichy,Central,0,0,Autumn,4,0,17534
2024-11-29,Salem,West,0,0,Autumn,4,0,18583
2024-11-30,Chennai,North,0,0,Autumn,5,1,26605
2024-11-30,Madurai,South,0,0,Autumn,5,1,20309
2024-11-30,Coimbatore,West,0,0,Autumn,5,1,23356
2024-11-30,Trichy,Central,1,0,Autumn,5,1,22778
2024-11-30,Salem,West,1,0,Autumn,5,1,23761
2024-12-01,Chennai,North,0,0,Winter,6,1,27131
2024-12-01,Madurai,South,1,0,Winter,6,1,22550
2024-12-01,Coimbatore,West,1,0,Winter,6,1,26960
2024-12-01,Trichy,Central,1,0,Winter,6,1,21112
2024-12-01,Salem,West,0,0,Winter,6,1,20320
2024-12-02,Chennai,North,0,0,Winter,0,0,25232
2024-12-02,Madurai,South,0,0,Winter,0,0,18971
2024-12-02,Coimbatore,West,0,0,Winter,0,0,23483
2024-12-02,Trichy,Central,0,0,Winter,0,0,17368
2024-12-02,Salem,West,1,0,Winter,0,0,22643
2024-12-03,Chennai,North,1,0,Winter,1,0,28453
2024-12-03,Madurai,South,0,0,Winter,1,0,18928
2024-12-03,Coimbatore,West,1,0,Winter,1,0,25889
2024-12-03,Trichy,Central,1,0,Winter,1,0,19458
2024-12-03,Salem,West,1,0,Winter,1,0,21657
2024-12-04,Chennai,North,0,0,Winter,2,0,25001
2024-12-04,Madurai,South,1,0,Winter,2,0,22400
2024-12-04,Coimbatore,West,0,0,Winter,2,0,21882
2024-12-04,Trichy,Central,0,0,Winter,2,0,17041
2024-12-04,Salem,West,0,0,Winter,2,0,17948
2024-12-05,Chennai,North,1,0,Winter,3,0,28702
2024-12-05,Madurai,South,0,0,Winter,3,0,18350
2024-12-05,Coimbatore,West,0,0,Winter,3,0,23614
2024-12-05,Trichy,Central,0,0,Winter,3,0,16903
2024-12-05,Salem,West,1,0,Winter,3,0,20665
2024-12-06,Chennai,North,0,0,Winter,4,0,26609
2024-12-06,Madurai,South,0,0,Winter,4,0,19467
2024-12-06,Coimbatore,West,1,0,Winter,4,0,27415
2024-12-06,Trichy,Central,0,0,Winter,4,0,16030
2024-12-06,Salem,West,0,0,Winter,4,0,17068
2024-12-07,Chennai,North,0,0,Winter,5,1,28075
2024-12-07,Madurai,South,1,0,Winter,5,1,23055
2024-12-07,Coimbatore,West,0,0,Winter,5,1,23711
2024-12-07,Trichy,Central,0,0,Winter,5,1,17822
2024-12-07,Salem,West,0,0,Winter,5,1,19021
2024-12-08,Chennai,North,0,0,Winter,6,1,27869
2024-12-08,Madurai,South,0,0,Winter,6,1,20476
2024-12-08,Coimbatore,West,0,0,Winter,6,1,24122
2024-12-08,Trichy,Central,0,0,Winter,6,1,18901
2024-12-08,Salem,West,1,0,Winter,6,1,22007
2024-12-09,Chennai,North,0,0,Winter,0,0,25790
2024-12-09,Madurai,South,0,0,Winter,0,0,19802
2024-12-09,Coimbatore,West,1,0,Winter,0,0,26027
2024-12-09,Trichy,Central,1,0,Winter,0,0,21558
2024-12-09,Salem,West,0,0,Winter,0,0,18210
2024-12-10,Chennai,North,0,0,Winter,1,0,25859
2024-12-10,Madurai,South,0,0,Winter,1,0,18967
2024-12-10,Coimbatore,West,0,0,Winter,1,0,23383
2024-12-10,Trichy,Central,0,0,Winter,1,0,16467
2024-12-10,Salem,West,0,0,Winter,1,0,17706
2024-12-11,Chennai,North,0,0,Winter,2,0,25646
2024-12-11,Madurai,South,0,0,Winter,2,0,19477
2024-12-11,Coimbatore,West,0,0,Winter,2,0,21836
2024-12-11,Trichy,Central,1,0,Winter,2,0,19841
2024-12-11,Salem,West,0,0,Winter,2,0,16834
2024-12-12,Chennai,North,0,0,Winter,3,0,25833
2024-12-12,Madurai,South,0,0,Winter,3,0,18927
2024-12-12,Coimbatore,West,1,0,Winter,3,0,26842
2024-12-12,Trichy,Central,0,0,Winter,3,0,17680
2024-12-12,Salem,West,0,0,Winter,3,0,17693
2024-12-13,Chennai,North,1,0,Winter,4,0,29537
2024-12-13,Madurai,South,1,0,Winter,4,0,23694
2024-12-13,Coimbatore,West,0,0,Winter,4,0,21830
2024-12-13,Trichy,Central,0,0,Winter,4,0,18099
2024-12-13,Salem,West,0,0,Winter,4,0,18022
2024-12-14,Chennai,North,0,0,Winter,5,1,27973
2024-12-14,Madurai,South,0,0,Winter,5,1,20377
2024-12-14,Coimbatore,West,0,0,Winter,5,1,24331
2024-12-14,Trichy,Central,0,0,Winter,5,1,18069
2024-12-14,Salem,West,0,0,Winter,5,1,18771
2024-12-15,Chennai,North,0,0,Winter,6,1,28118
2024-12-15,Madurai,South,0,0,Winter,6,1,19232
2024-12-15,Coimbatore,West,1,0,Winter,6,1,27809
2024-12-15,Trichy,Central,0,0,Winter,6,1,17104
2024-12-15,Salem,West,1,0,Winter,6,1,22710
2024-12-16,Chennai,North,0,0,Winter,0,0,26514
2024-12-16,Madurai,South,1,0,Winter,0,0,22890
2024-12-16,Coimbatore,West,0,0,Winter,0,0,24188
2024-12-16,Trichy,Central,0,0,Winter,0,0,17205
2024-12-16,Salem,West,0,0,Winter,0,0,18989
2024-12-17,Chennai,North,1,0,Winter,1,0,29768
2024-12-17,Madurai,South,0,0,Winter,1,0,18496
2024-12-17,Coimbatore,West,0,0,Winter,1,0,23003
2024-12-17,Trichy,Central,0,0,Winter,1,0,17728
2024-12-17,Salem,West,0,0,Winter,1,0,17859
2024-12-18,Chennai,North,0,0,Winter,2,0,26174
2024-12-18,Madurai,South,0,0,Winter,2,0,18710
2024-12-18,Coimbatore,West,0,0,Winter,2,0,22714
2024-12-18,Trichy,Central,0,0,Winter,2,0,17522
2024-12-18,Salem,West,0,0,Winter,2,0,18322
2024-12-19,Chennai,North,0,0,Winter,3,0,27198
2024-12-19,Madurai,South,0,0,Winter,3,0,19699
2024-12-19,Coimbatore,West,0,0,Winter,3,0,23727
2024-12-19,Trichy,Central,0,0,Winter,3,0,18190
2024-12-19,Salem,West,0,0,Winter,3,0,18734
2024-12-20,Chennai,North,0,0,Winter,4,0,26849
2024-12-20,Madurai,South,0,0,Winter,4,0,19363
2024-12-20,Coimbatore,West,0,0,Winter,4,0,23492
2024-12-20,Trichy,Central,0,0,Winter,4,0,16417
2024-12-20,Salem,West,0,0,Winter,4,0,17620
2024-12-21,Chennai,North,0,0,Winter,5,1,27676
2024-12-21,Madurai,South,1,0,Winter,5,1,23086
2024-12-21,Coimbatore,West,0,0,Winter,5,1,23738
2024-12-21,Trichy,Central,0,0,Winter,5,1,18997
2024-12-21,Salem,West,0,0,Winter,5,1,18724
2024-12-22,Chennai,North,0,0,Winter,6,1,26237
2024-12-22,Madurai,South,0,0,Winter,6,1,20851
2024-12-22,Coimbatore,West,0,0,Winter,6,1,23857
2024-12-22,Trichy,Central,0,0,Winter,6,1,19360
2024-12-22,Salem,West,0,0,Winter,6,1,20005
2024-12-23,Chennai,North,0,0,Winter,0,0,25330
2024-12-23,Madurai,South,1,0,Winter,0,0,23058
2024-12-23,Coimbatore,West,1,0,Winter,0,0,27057
2024-12-23,Trichy,Central,1,0,Winter,0,0,20870
2024-12-23,Salem,West,0,0,Winter,0,0,16954
2024-12-24,Chennai,North,0,0,Winter,1,0,26328
2024-12-24,Madurai,South,0,0,Winter,1,0,19119
2024-12-24,Coimbatore,West,0,0,Winter,1,0,21873
2024-12-24,Trichy,Central,0,0,Winter,1,0,16819
2024-12-24,Salem,West,0,0,Winter,1,0,18210
2024-12-25,Chennai,North,0,1,Winter,2,0,29828
2024-12-25,Madurai,South,0,1,Winter,2,0,23871
2024-12-25,Coimbatore,West,0,1,Winter,2,0,26984
2024-12-25,Trichy,Central,0,1,Winter,2,0,20487
2024-12-25,Salem,West,0,1,Winter,2,0,22491
2024-12-26,Chennai,North,1,0,Winter,3,0,30431
2024-12-26,Madurai,South,0,0,Winter,3,0,19576
2024-12-26,Coimbatore,West,0,0,Winter,3,0,23203
2024-12-26,Trichy,Central,1,0,Winter,3,0,20771
2024-12-26,Salem,West,0,0,Winter,3,0,17475
2024-12-27,Chennai,North,1,0,Winter,4,0,28378
2024-12-27,Madurai,South,0,0,Winter,4,0,18718
2024-12-27,Coimbatore,West,0,0,Winter,4,0,22665
2024-12-27,Trichy,Central,0,0,Winter,4,0,17866
2024-12-27,Salem,West,0,0,Winter,4,0,17304
2024-12-28,Chennai,North,0,0,Winter,5,1,26153
2024-12-28,Madurai,South,1,0,Winter,5,1,23547
2024-12-28,Coimbatore,West,0,0,Winter,5,1,23196
2024-12-28,Trichy,Central,0,0,Winter,5,1,17080
2024-12-28,Salem,West,0,0,Winter,5,1,18474
2024-12-29,Chennai,North,1,0,Winter,6,1,31319
2024-12-29,Madurai,South,1,0,Winter,6,1,23006
2024-12-29,Coimbatore,West,0,0,Winter,6,1,24943
2024-12-29,Trichy,Central,0,0,Winter,6,1,17841
2024-12-29,Salem,West,0,0,Winter,6,1,19233
2024-12-30,Chennai,North,1,0,Winter,0,0,28713
2024-12-30,Madurai,South,0,0,Winter,0,0,18361
2024-12-30,Coimbatore,West,1,0,Winter,0,0,25729
2024-12-30,Trichy,Central,0,0,Winter,0,0,16957
2024-12-30,Salem,West,0,0,Winter,0,0,17235
